Workbook

Sheet Sheet1
A1: P | B1: 101R (Ohm) | C1: 102R (Ohm) | D1: 103R (Ohm) | E1: 104R (Ohm) | F1: 105R (Ohm) | G1: 106R (Ohm) | H1: 107R (Ohm) | I1: 108R (Ohm) | J1: 109R (Ohm) | K1: 110R (Ohm) | L1: 111R (Ohm) | M1: 112R (Ohm) | N1: 113R (Ohm) | O1: 114R (Ohm) | P1: 115R (Ohm) | Q1: 116R (Ohm) | R1: 117R (Ohm) | S1: 118R (Ohm) | U1: P | V1: 101R (Ohm) | W1: 102R (Ohm) | X1: 103R (Ohm) | Y1: 104R (Ohm) | Z1: 105R (Ohm) | AA1: 106R (Ohm) | AB1: 107R (Ohm) | AC1: 108R (Ohm) | AD1: 109R (Ohm) | AE1: 110R (Ohm) | AF1: 111R (Ohm) | AG1: 112R (Ohm) | AH1: 113R (Ohm) | AI1: 114R (Ohm) | AJ1: 115R (Ohm) | AK1: 116R (Ohm) | AL1: 117R (Ohm) | AM1: 118R (Ohm) | AO1: P | AP1: 101R (Ohm) | AQ1: 102R (Ohm) | AR1: 103R (Ohm) | AS1: 104R (Ohm) | AT1: 105R (Ohm) | AU1: 106R (Ohm) | AV1: 107R (Ohm) | AW1: 108R (Ohm) | AX1: 109R (Ohm) | AY1: 110R (Ohm) | AZ1: 111R (Ohm) | BA1: 112R (Ohm) | BB1: 113R (Ohm) | BC1: 114R (Ohm) | BD1: 115R (Ohm) | BE1: 116R (Ohm) | BF1: 117R (Ohm) | BG1: 118R (Ohm)
A2: 0 | B2: 51.315903 | C2: 79.819956 | D2: 312.78851 | E2: 478.91098 | F2: 185.16277 | G2: 387.32464 | H2: 493.19828 | I2: 396.43516 | J2: 113.18864 | K2: 282.51235 | L2: 606.96644 | M2: 300.29195 | N2: 507.14444 | O2: 172.42134 | P2: 2.9808303 | Q2: 25.515006 | R2: 604.03981 | S2: 230.07957 | U2: 0 | V2: 38.813073 | W2: 68.240074 | X2: 266.73671 | Y2: 320.77307 | Z2: 165.90262 | AA2: 311.47166 | AB2: 411.07757 | AC2: 282.97249 | AD2: 73.341727 | AE2: 187.81345 | AF2: 436.79936 | AG2: 227.7937 | AH2: 459.2898 | AI2: 109.22548 | AJ2: 6.1878577 | AK2: 12.51388 | AL2: 425.62281 | AM2: 190.8945 | AO2: 0 | AP2: 60.585297 | AQ2: 87.296597 | AR2: 320.66872 | AS2: 469.63923 | AT2: 192.23793 | AU2: 391.91631 | AV2: 493.75646 | AW2: 387.57295 | AX2: 118.16404 | AY2: 276.16098 | AZ2: 608.15338 | BA2: 301.55396 | BB2: 509.5507 | BC2: 174.74027 | BD2: 2.9914351 | BE2: 25.083769 | BF2: 601.88498 | BG2: 225.77877
A3: 4 | B3: 77.481873 | C3: 107.69047 | D3: 347.29018 | E3: 504.37288 | F3: 211.57109 | G3: 413.47957 | H3: 511.6218 | I3: 426.44879 | J3: 146.69244 | K3: 319.98184 | L3: 632.87447 | M3: 316.74504 | N3: 517.66056 | O3: 218.8113 | P3: 2.9809225 | Q3: 31.176406 | R3: 630.16388 | S3: 272.74228 | U3: 4 | V3: 61.914788 | W3: 85.599779 | X3: 296.93198 | Y3: 344.43449 | Z3: 190.80414 | AA3: 337.66007 | AB3: 424.40837 | AC3: 311.93214 | AD3: 100.42739 | AE3: 229.91291 | AF3: 466.90248 | AG3: 246.57476 | AH3: 467.40745 | AI3: 148.05906 | AJ3: 6.3505207 | AK3: 22.590182 | AL3: 451.02665 | AM3: 234.35226 | AO3: 4 | AP3: 83.503874 | AQ3: 112.35723 | AR3: 351.03533 | AS3: 495.26703 | AT3: 213.36663 | AU3: 418.06474 | AV3: 511.35093 | AW3: 417.0076 | AX3: 146.56708 | AY3: 312.23852 | AZ3: 635.43286 | BA3: 318.92616 | BB3: 522.64282 | BC3: 219.2805 | BD3: 2.9925126 | BE3: 37.329052 | BF3: 627.52843 | BG3: 264.48674
A4: 8 | B4: 108.40759 | C4: 135.06574 | D4: 382.45677 | E4: 539.75505 | F4: 247.74906 | G4: 445.096 | H4: 535.76706 | I4: 456.19037 | J4: 177.70227 | K4: 361.45288 | L4: 666.41452 | M4: 339.09266 | N4: 526.98895 | O4: 264.40898 | P4: 3.0950585 | Q4: 50.923094 | R4: 660.08933 | S4: 317.45426 | U4: 8 | V4: 82.254606 | W4: 104.74823 | X4: 324.86082 | Y4: 370.10364 | Z4: 208.1521 | AA4: 364.53446 | AB4: 436.99043 | AC4: 347.7639 | AD4: 122.10864 | AE4: 266.91223 | AF4: 501.32404 | AG4: 267.16071 | AH4: 475.50399 | AI4: 186.76605 | AJ4: 6.5153507 | AK4: 36.962731 | AL4: 478.5292 | AM4: 268.15486 | AO4: 8 | AP4: 106.53643 | AQ4: 143.79347 | AR4: 381.29268 | AS4: 524.48575 | AT4: 240.34901 | AU4: 444.7557 | AV4: 529.26496 | AW4: 442.33484 | AX4: 172.77907 | AY4: 347.18493 | AZ4: 664.52967 | BA4: 338.34643 | BB4: 531.25741 | BC4: 257.78406 | BD4: 3.0387506 | BE4: 53.790575 | BF4: 655.13439 | BG4: 302.64849
A5: 12 | B5: 136.4331 | C5: 180.78701 | D5: 420.9908 | E5: 579.93571 | F5: 282.89737 | G5: 480.60939 | H5: 568.90399 | I5: 495.51708 | J5: 207.10876 | K5: 408.02492 | L5: 703.00763 | M5: 367.11113 | N5: 546.68175 | O5: 315.08858 | P5: 4.7403081 | Q5: 76.766944 | R5: 697.01903 | S5: 362.27363 | U5: 12 | V5: 110.40115 | W5: 130.39049 | X5: 355.58967 | Y5: 403.70111 | Z5: 237.60606 | AA5: 395.30564 | AB5: 457.8875 | AC5: 384.03762 | AD5: 150.58276 | AE5: 314.56283 | AF5: 544.18843 | AG5: 290.57787 | AH5: 487.40679 | AI5: 231.38422 | AJ5: 11.262469 | AK5: 60.706662 | AL5: 514.60536 | AM5: 312.46225 | AO5: 12 | AP5: 131.87673 | AQ5: 179.87211 | AR5: 411.29504 | AS5: 559.94276 | AT5: 267.60645 | AU5: 473.38332 | AV5: 558.91662 | AW5: 478.06475 | AX5: 196.28422 | AY5: 384.63765 | AZ5: 694.66887 | BA5: 360.18416 | BB5: 546.16035 | BC5: 300.44701 | BD5: 3.9049977 | BE5: 72.979323 | BF5: 684.30837 | BG5: 342.55736
A6: 16 | B6: 171.01496 | C6: 219.11493 | D6: 457.63557 | E6: 619.08115 | F6: 320.0288 | G6: 512.08809 | H6: 603.63339 | I6: 529.98533 | J6: 232.04724 | K6: 448.23832 | L6: 740.97281 | M6: 393.88631 | N6: 575.65496 | O6: 368.4235 | P6: 11.278004 | Q6: 98.931453 | R6: 732.14884 | S6: 406.6201 | U6: 16 | V6: 135.26546 | W6: 165.86085 | X6: 388.00176 | Y6: 438.23104 | Z6: 261.4675 | AA6: 427.19693 | AB6: 477.39234 | AC6: 416.51082 | AD6: 176.30011 | AE6: 356.71271 | AF6: 584.1888 | AG6: 311.87133 | AH6: 504.03797 | AI6: 271.677 | AJ6: 17.137688 | AK6: 82.936959 | AL6: 547.37003 | AM6: 348.94955 | AO6: 16 | AP6: 161.16332 | AQ6: 216.76042 | AR6: 450.43844 | AS6: 599.70437 | AT6: 300.41095 | AU6: 501.62406 | AV6: 588.54593 | AW6: 510.0622 | AX6: 220.35775 | AY6: 427.19439 | AZ6: 731.20312 | BA6: 384.71876 | BB6: 573.98113 | BC6: 349.46785 | BD6: 9.9247313 | BE6: 98.843364 | BF6: 715.92455 | BG6: 382.46693
A7: 20 | B7: 204.89178 | C7: 258.35217 | D7: 496.31483 | E7: 657.84662 | F7: 351.83675 | G7: 538.25485 | H7: 629.53906 | I7: 558.8647 | J7: 266.98539 | K7: 484.08152 | L7: 776.27517 | M7: 414.92335 | N7: 608.11685 | O7: 412.73304 | P7: 15.276534 | Q7: 122.53454 | R7: 764.17632 | S7: 441.21954 | U7: 20 | V7: 161.32778 | W7: 198.29712 | X7: 423.7326 | Y7: 471.31773 | Z7: 284.39727 | AA7: 454.79427 | AB7: 499.73769 | AC7: 450.05816 | AD7: 203.12282 | AE7: 396.31496 | AF7: 624.46579 | AG7: 331.87076 | AH7: 532.90469 | AI7: 312.38409 | AJ7: 21.640582 | AK7: 98.038216 | AL7: 584.08193 | AM7: 383.66857 | AO7: 20 | AP7: 190.16184 | AQ7: 253.32873 | AR7: 487.91881 | AS7: 637.7547 | AT7: 328.73951 | AU7: 533.54467 | AV7: 614.64385 | AW7: 540.07456 | AX7: 249.02206 | AY7: 461.074 | AZ7: 761.37487 | BA7: 404.32022 | BB7: 598.65549 | BC7: 394.57528 | BD7: 14.677309 | BE7: 118.78864 | BF7: 748.84001 | BG7: 416.04257
A8: 30 | B8: 265.58759 | C8: 345.23261 | D8: 577.38967 | E8: 744.73681 | F8: 431.36952 | G8: 613.19737 | H8: 691.74495 | I8: 638.49435 | J8: 350.21609 | K8: 571.50436 | L8: 849.54898 | M8: 467.6107 | N8: 708.48143 | O8: 517.63043 | P8: 25.953996 | Q8: 175.9097 | R8: 843.12696 | S8: 537.77936 | U8: 30 | V8: 228.03394 | W8: 281.06572 | X8: 508.15363 | Y8: 571.60438 | Z8: 351.17594 | AA8: 527.75371 | AB8: 560.11939 | AC8: 527.14386 | AD8: 286.18249 | AE8: 491.25579 | AF8: 725.41689 | AG8: 388.43517 | AH8: 611.88461 | AI8: 424.00049 | AJ8: 45.866118 | AK8: 147.8347 | AL8: 678.08736 | AM8: 468.69584 | AO8: 30 | AP8: 251.93636 | AQ8: 338.63287 | AR8: 564.85854 | AS8: 721.05535 | AT8: 407.7705 | AU8: 607.43004 | AV8: 671.97014 | AW8: 620.71385 | AX8: 330.62024 | AY8: 551.86535 | AZ8: 839.64467 | BA8: 458.9019 | BB8: 691.0042 | BC8: 497.2903 | BD8: 24.863588 | BE8: 170.27481 | BF8: 833.9165 | BG8: 509.16852
A9: 40 | B9: 350.34414 | C9: 424.25015 | D9: 659.66567 | E9: 828.92076 | F9: 494.24747 | G9: 678.95412 | H9: 767.1943 | I9: 714.33982 | J9: 439.44039 | K9: 645.36052 | L9: 915.06362 | M9: 520.57112 | N9: 842.5576 | O9: 620.88255 | P9: 56.106931 | Q9: 247.72988 | R9: 916.06533 | S9: 638.42943 | U9: 40 | V9: 290.63292 | W9: 354.04997 | X9: 573.77364 | Y9: 661.73783 | Z9: 418.85068 | AA9: 592.12766 | AB9: 622.80949 | AC9: 600.8279 | AD9: 364.75247 | AE9: 565.75492 | AF9: 798.96518 | AG9: 435.48104 | AH9: 710.84189 | AI9: 515.74128 | AJ9: 75.603081 | AK9: 204.75632 | AL9: 754.07561 | AM9: 549.64272 | AO9: 40 | AP9: 321.98598 | AQ9: 410.84632 | AR9: 634.66105 | AS9: 799.11787 | AT9: 469.62267 | AU9: 661.57955 | AV9: 745.83182 | AW9: 694.27405 | AX9: 407.27209 | AY9: 619.49016 | AZ9: 899.33341 | BA9: 506.15514 | BB9: 802.47469 | BC9: 585.84761 | BD9: 52.912317 | BE9: 234.23111 | BF9: 897.52951 | BG9: 600.15287
A10: 60 | B10: 471.52771 | C10: 568.92057 | D10: 785.708 | E10: 958.68074 | F10: 599.68387 | G10: 782.84484 | H10: 885.32199 | I10: 839.66739 | J10: 563.5875 | K10: 768.48104 | L10: 1009.3222 | M10: 585.26919 | N10: 1015.5344 | O10: 792.44348 | P10: 107.15976 | Q10: 398.16096 | R10: 1023.0647 | S10: 767.2344 | U10: 60 | V10: 420.52519 | W10: 485.65649 | X10: 718.24448 | Y10: 817.29767 | Z10: 532.88665 | AA10: 711.8356 | AB10: 748.62951 | AC10: 742.82916 | AD10: 495.51127 | AE10: 704.6845 | AF10: 928.51959 | AG10: 517.47137 | AH10: 889.86147 | AI10: 702.07694 | AJ10: 138.94697 | AK10: 339.92965 | AL10: 902.79231 | AM10: 700.20773 | AO10: 60 | AP10: 454.29967 | AQ10: 556.51257 | AR10: 774.60767 | AS10: 947.2756 | AT10: 580.72623 | AU10: 773.4128 | AV10: 865.35052 | AW10: 828.67376 | AX10: 544.85724 | AY10: 753.32077 | AZ10: 1005.019 | BA10: 582.26087 | BB10: 994.27704 | BC10: 778.46613 | BD10: 107.10221 | BE10: 384.65614 | BF10: 1021.0569 | BG10: 746.94819
A11: 80 | B11: 596.8556 | C11: 722.81719 | D11: 896.54888 | E11: 1071.579 | F11: 709.60664 | G11: 866.64537 | H11: 1001.7574 | I11: 978.89682 | J11: 678.06655 | K11: 881.35066 | L11: 1105.9825 | M11: 640.41366 | N11: 1147.3814 | O11: 935.03548 | P11: 165.73566 | Q11: 553.97434 | R11: 1123.7355 | S11: 919.29886 | U11: 80 | V11: 545.98111 | W11: 627.82343 | X11: 842.12029 | Y11: 955.64198 | Z11: 647.93702 | AA11: 815.0203 | AB11: 861.40844 | AC11: 890.8242 | AD11: 625.60828 | AE11: 834.26924 | AF11: 1046.2686 | AG11: 585.95247 | AH11: 1013.1924 | AI11: 858.23622 | AJ11: 189.15195 | AK11: 481.14342 | AL11: 1022.7852 | AM11: 848.68589 | AO11: 40 | AP11: 361.25317 | AQ11: 440.6524 | AR11: 677.84755 | AS11: 852.45334 | AT11: 507.02861 | AU11: 704.14141 | AV11: 768.81155 | AW11: 730.61726 | AX11: 442.60097 | AY11: 663.71128 | AZ11: 936.40315 | BA11: 533.19523 | BB11: 852.45334 | BC11: 644.49685 | BD11: 59.624785 | BE11: 255.47965 | BF11: 941.94445 | BG11: 661.54673
A12: 100 | B12: 720.69843 | C12: 848.35048 | D12: 1009.3577 | E12: 1173.5757 | F12: 810.81558 | G12: 940.32203 | H12: 1119.361 | I12: 1102.9744 | J12: 810.54429 | K12: 988.57714 | L12: 1202.5815 | M12: 693.19553 | N12: 1272.139 | O12: 1088.4535 | P12: 212.99841 | Q12: 704.43685 | R12: 1221.3889 | S12: 1042.7227 | U12: 100 | V12: 669.31536 | W12: 750.9135 | X12: 952.34658 | Y12: 1069.0037 | Z12: 747.06016 | AA12: 886.05514 | AB12: 978.21519 | AC12: 1022.2234 | AD12: 744.5003 | AE12: 950.76294 | AF12: 1148.5498 | AG12: 647.52951 | AH12: 1128.151 | AI12: 1004.6433 | AJ12: 223.2442 | AK12: 627.74801 | AL12: 1134.3507 | AM12: 984.1984 | AO12: 30 | AP12: 284.05702 | AQ12: 376.70674 | AR12: 608.15437 | AS12: 790.24353 | AT12: 455.3714 | AU12: 656.69411 | AV12: 701.59891 | AW12: 671.21947 | AX12: 367.73985 | AY12: 607.78545 | AZ12: 891.62407 | BA12: 499.12412 | BB12: 732.56115 | BC12: 546.29634 | BD12: 27.98046 | BE12: 184.93723 | BF12: 886.25952 | BG12: 586.88596
A13: 80 | B13: 635.05478 | C13: 767.0079 | D13: 942.48644 | E13: 1117.3889 | F13: 751.74062 | G13: 900.06397 | H13: 1041.8068 | I13: 1023.6304 | J13: 722.37194 | K13: 927.64879 | L13: 1148.1537 | M13: 661.16674 | N13: 1189.4437 | O13: 996.18801 | P13: 173.47378 | Q13: 587.87985 | R13: 1166.1273 | S13: 975.2261 | U13: 120 | V13: 784.05112 | W13: 874.88661 | X13: 1062.1752 | Y13: 1183.2971 | Z13: 855.69351 | AA13: 981.74476 | AB13: 1101.5277 | AC13: 1152.749 | AD13: 863.88001 | AE13: 1063.544 | AF13: 1248.3177 | AG13: 717.27278 | AH13: 1246.9506 | AI13: 1142.6988 | AJ13: 254.97454 | AK13: 777.61585 | AL13: 1239.9611 | AM13: 1111.6903 | AO13: 20 | AP13: 216.22732 | AQ13: 288.9046 | AR13: 522.76524 | AS13: 716.03132 | AT13: 379.12292 | AU13: 591.09855 | AV13: 634.92576 | AW13: 590.22523 | AX13: 273.90747 | AY13: 529.87638 | AZ13: 827.79537 | BA13: 452.59708 | BB13: 613.12214 | BC13: 444.93771 | BD13: 15.736517 | BE13: 126.92069 | BF13: 815.07512 | BG13: 486.92633
... A18: 16 | B18: 167.39942 | C18: 253.97273 | D18: 493.09497 | E18: 716.66939 | F18: 339.37001 | G18: 577.21496 | H18: 622.06993 | I18: 574.1136 | J18: 224.22557 | K18: 509.25293 | L18: 821.52283 | M18: 447.14098 | N18: 587.82419 | O18: 400.09559 | P18: 11.324233 | Q18: 116.16064 | R18: 801.48615 | S18: 466.83684 | U18: 100 | V18: 790.97377 | W18: 936.324 | X18: 1120.9503 | Y18: 1304.1442 | Z18: 910.52338 | AA18: 1070.9997 | AB18: 1154.0786 | AC18: 1199.2275 | AD18: 840.26464 | AE18: 1115.496 | AF18: 1324.9369 | AG18: 774.82747 | AH18: 1242.6213 | AI18: 1178.9379 | AJ18: 241.70862 | AK18: 783.45544 | AL18: 1334.2048 | AM18: 1185.5195 | AO18: 0 | AP18: 22.082764 | AQ18: 67.468858 | AR18: 295.53842 | AS18: 475.52198 | AT18: 159.08357 | AU18: 386.34296 | AV18: 475.77762 | AW18: 373.71094 | AX18: 90.079412 | AY18: 261.19582 | AZ18: 607.38625 | BA18: 299.28033 | BB18: 499.14171 | BC18: 135.13652 | BD18: 2.9785117 | BE18: 21.461932 | BF18: 601.88913 | BG18: 202.77083
A19: 12 | B19: 117.89656 | C19: 196.51737 | D19: 444.58256 | E19: 666.23302 | F19: 287.63805 | G19: 533.51856 | H19: 583.59879 | I19: 526.52505 | J19: 182.64882 | K19: 451.60324 | L19: 778.78655 | M19: 420.72798 | N19: 554.85057 | O19: 336.05136 | P19: 7.204356 | Q19: 85.025342 | R19: 757.37096 | S19: 413.91543 | U19: 80 | V19: 657.34161 | W19: 809.56771 | X19: 1008.1557 | Y19: 1213.745 | Z19: 805.22533 | AA19: 982.60101 | AB19: 1036.3723 | AC19: 1085.4005 | AD19: 694.70786 | AE19: 1003.7526 | AF19: 1245.3055 | AG19: 710.79478 | AH19: 1118.9568 | AI19: 1035.9275 | AJ19: 187.90551 | AK19: 640.57191 | AL19: 1249.278 | AM19: 1060.3261
A20: 8 | B20: 70.371873 | C20: 138.6016 | D20: 396.39082 | E20: 614.81791 | F20: 232.68078 | G20: 486.02127 | H20: 540.80914 | I20: 475.0508 | J20: 140.92386 | K20: 384.85904 | L20: 723.05471 | M20: 386.01014 | N20: 528.9316 | O20: 244.33723 | P20: 3.0502806 | Q20: 58.873303 | R20: 710.44232 | S20: 342.65922 | U20: 60 | V20: 496.12897 | W20: 651.63658 | X20: 871.56013 | Y20: 1098.4281 | Z20: 659.30307 | AA20: 884.59423 | AB20: 893.57495 | AC20: 930.21567 | AD20: 541.58877 | AE20: 861.55544 | AF20: 1139.6295 | AG20: 639.25444 | AH20: 952.35385 | AI20: 841.15916 | AJ20: 117.31503 | AK20: 462.57325 | AL20: 1139.7899 | AM20: 910.91439
A21: 4 | B21: 30.15385 | C21: 99.119637 | D21: 349.79634 | E21: 562.2387 | F21: 185.08135 | G21: 442.48293 | H21: 515.20861 | I21: 425.50142 | J21: 108.39363 | K21: 325.34631 | L21: 673.12968 | M21: 350.54991 | N21: 511.78175 | O21: 179.96071 | P21: 3.3234958 | Q21: 38.169021 | R21: 667.33506 | S21: 279.07631 | U21: 40 | V21: 296.12965 | W21: 441.83259 | X21: 686.46987 | Y21: 943.58939 | Z21: 486.46483 | AA21: 772.70247 | AB21: 752.91278 | AC21: 744.63159 | AD21: 357.84768 | AE21: 688.1325 | AF21: 998.12357 | AG21: 567.41154 | AH21: 725.32978 | AI21: 620.86165 | AJ21: 41.901797 | AK21: 278.97906 | AL21: 1003.0828 | AM21: 686.87079
A22: 0 | B22: 13.944649 | C22: 54.51162 | D22: 292.67785 | E22: 477.2466 | F22: 137.50194 | G22: 374.87741 | H22: 488.00947 | I22: 374.02329 | J22: 81.035467 | K22: 254.95892 | L22: 605.14076 | M22: 301.11249 | N22: 495.80531 | O22: 119.76312 | P22: 2.969607 | Q22: 24.71494 | R22: 600.63014 | S22: 192.80822 | U22: 30 | V22: 199.52324 | W22: 342.79842 | X22: 593.80138 | Y22: 843.56902 | Z22: 400.90642 | AA22: 694.78864 | AB22: 666.34119 | AC22: 651.39199 | AD22: 259.97244 | AE22: 581.39201 | AF22: 922.65932 | AG22: 513.96823 | AH22: 588.38446 | AI22: 468.48863 | AJ22: 27.044806 | AK22: 198.68843 | AL22: 913.11817 | AM22: 577.24717
U23: 20 | V23: 82.136089 | W23: 213.8906 | X23: 472.54795 | Y23: 724.54012 | Z23: 273.90114 | AA23: 601.57855 | AB23: 585.74179 | AC23: 539.11347 | AD23: 155.92486 | AE23: 452.24598 | AF23: 831.55372 | AG23: 449.21272 | AH23: 481.35086 | AI23: 318.70244 | AJ23: 14.588514 | AK23: 122.82675 | AL23: 815.24898 | AM23: 414.44292
U24: 16 | V24: 47.986119 | W24: 170.41774 | X24: 430.72492 | Y24: 675.60528 | Z24: 233.85685 | AA24: 556.9024 | AB24: 554.31613 | AC24: 500.69335 | AD24: 126.61011 | AE24: 394.90377 | AF24: 792.24337 | AG24: 417.14765 | AH24: 458.10692 | AI24: 251.53823 | AJ24: 9.9988658 | AK24: 100.46829 | AL24: 770.35647 | AM24: 350.29518
U25: 12 | V25: 18.003899 | W25: 117.43633 | X25: 376.31693 | Y25: 617.59948 | Z25: 181.78223 | AA25: 507.47739 | AB25: 516.02371 | AC25: 445.33673 | AD25: 89.993024 | AE25: 324.08934 | AF25: 745.58195 | AG25: 379.0717 | AH25: 442.51578 | AI25: 187.19846 | AJ25: 6.7342451 | AK25: 73.300222 | AL25: 714.8476 | AM25: 267.78779
U26: 8 | V26: 3.4019249 | W26: 76.362441 | X26: 302.11486 | Y26: 538.61714 | Z26: 113.28103 | AA26: 441.11391 | AB26: 474.49028 | AC26: 380.49386 | AD26: 55.715328 | AE26: 221.84423 | AF26: 681.70875 | AG26: 329.07541 | AH26: 421.10243 | AI26: 95.501044 | AJ26: 5.769786 | AK26: 42.965849 | AL26: 650.9569 | AM26: 153.74744
U27: 4 | V27: 3.3335445 | W27: 40.465009 | X27: 245.86983 | Y27: 453.48986 | Z27: 72.829449 | AA27: 359.12064 | AB27: 450.51429 | AC27: 325.07676 | AD27: 29.857206 | AE27: 134.11203 | AF27: 604.70698 | AG27: 277.93111 | AH27: 402.16518 | AI27: 25.449146 | AJ27: 3.5503804 | AK27: 23.681466 | AL27: 581.66365 | AM27: 51.363784
U28: 0 | V28: 3.3450716 | W28: 19.660423 | X28: 196.90864 | Y28: 360.61935 | Z28: 48.083437 | AA28: 279.01269 | AB28: 430.17322 | AC28: 275.99357 | AD28: 21.837457 | AE28: 61.900407 | AF28: 536.76166 | AG28: 222.60991 | AH28: 392.88162 | AI28: 3.4593123 | AJ28: 2.7291463 | AK28: 14.392294 | AL28: 506.54499 | AM28: 10.090626

Sheet Sheet2

Sheet 100 loading
A1: P | B1: 101R (Ohm) | C1: 102R (Ohm) | D1: 103R (Ohm) | E1: 104R (Ohm) | F1: 105R (Ohm) | G1: 106R (Ohm) | H1: 107R (Ohm) | I1: 108R (Ohm) | J1: 109R (Ohm) | K1: 110R (Ohm) | L1: 111R (Ohm) | M1: 112R (Ohm) | N1: 113R (Ohm) | O1: 114R (Ohm) | P1: 115R (Ohm) | Q1: 116R (Ohm) | R1: 117R (Ohm) | S1: 118R (Ohm)
A2: 0 | B2: 51.315903 | C2: 79.819956 | D2: 312.78851 | E2: 478.91098 | F2: 185.16277 | G2: 387.32464 | H2: 493.19828 | I2: 396.43516 | J2: 113.18864 | K2: 282.51235 | L2: 606.96644 | M2: 300.29195 | N2: 507.14444 | O2: 172.42134 | P2: 2.9808303 | Q2: 25.515006 | R2: 604.03981 | S2: 230.07957
A3: 4 | B3: 77.481873 | C3: 107.69047 | D3: 347.29018 | E3: 504.37288 | F3: 211.57109 | G3: 413.47957 | H3: 511.6218 | I3: 426.44879 | J3: 146.69244 | K3: 319.98184 | L3: 632.87447 | M3: 316.74504 | N3: 517.66056 | O3: 218.8113 | P3: 2.9809225 | Q3: 31.176406 | R3: 630.16388 | S3: 272.74228
A4: 8 | B4: 108.40759 | C4: 135.06574 | D4: 382.45677 | E4: 539.75505 | F4: 247.74906 | G4: 445.096 | H4: 535.76706 | I4: 456.19037 | J4: 177.70227 | K4: 361.45288 | L4: 666.41452 | M4: 339.09266 | N4: 526.98895 | O4: 264.40898 | P4: 3.0950585 | Q4: 50.923094 | R4: 660.08933 | S4: 317.45426
A5: 12 | B5: 136.4331 | C5: 180.78701 | D5: 420.9908 | E5: 579.93571 | F5: 282.89737 | G5: 480.60939 | H5: 568.90399 | I5: 495.51708 | J5: 207.10876 | K5: 408.02492 | L5: 703.00763 | M5: 367.11113 | N5: 546.68175 | O5: 315.08858 | P5: 4.7403081 | Q5: 76.766944 | R5: 697.01903 | S5: 362.27363
A6: 16 | B6: 171.01496 | C6: 219.11493 | D6: 457.63557 | E6: 619.08115 | F6: 320.0288 | G6: 512.08809 | H6: 603.63339 | I6: 529.98533 | J6: 232.04724 | K6: 448.23832 | L6: 740.97281 | M6: 393.88631 | N6: 575.65496 | O6: 368.4235 | P6: 11.278004 | Q6: 98.931453 | R6: 732.14884 | S6: 406.6201
A7: 20 | B7: 204.89178 | C7: 258.35217 | D7: 496.31483 | E7: 657.84662 | F7: 351.83675 | G7: 538.25485 | H7: 629.53906 | I7: 558.8647 | J7: 266.98539 | K7: 484.08152 | L7: 776.27517 | M7: 414.92335 | N7: 608.11685 | O7: 412.73304 | P7: 15.276534 | Q7: 122.53454 | R7: 764.17632 | S7: 441.21954
A8: 30 | B8: 265.58759 | C8: 345.23261 | D8: 577.38967 | E8: 744.73681 | F8: 431.36952 | G8: 613.19737 | H8: 691.74495 | I8: 638.49435 | J8: 350.21609 | K8: 571.50436 | L8: 849.54898 | M8: 467.6107 | N8: 708.48143 | O8: 517.63043 | P8: 25.953996 | Q8: 175.9097 | R8: 843.12696 | S8: 537.77936
A9: 40 | B9: 350.34414 | C9: 424.25015 | D9: 659.66567 | E9: 828.92076 | F9: 494.24747 | G9: 678.95412 | H9: 767.1943 | I9: 714.33982 | J9: 439.44039 | K9: 645.36052 | L9: 915.06362 | M9: 520.57112 | N9: 842.5576 | O9: 620.88255 | P9: 56.106931 | Q9: 247.72988 | R9: 916.06533 | S9: 638.42943
A10: 60 | B10: 471.52771 | C10: 568.92057 | D10: 785.708 | E10: 958.68074 | F10: 599.68387 | G10: 782.84484 | H10: 885.32199 | I10: 839.66739 | J10: 563.5875 | K10: 768.48104 | L10: 1009.3222 | M10: 585.26919 | N10: 1015.5344 | O10: 792.44348 | P10: 107.15976 | Q10: 398.16096 | R10: 1023.0647 | S10: 767.2344
A11: 80 | B11: 596.8556 | C11: 722.81719 | D11: 896.54888 | E11: 1071.579 | F11: 709.60664 | G11: 866.64537 | H11: 1001.7574 | I11: 978.89682 | J11: 678.06655 | K11: 881.35066 | L11: 1105.9825 | M11: 640.41366 | N11: 1147.3814 | O11: 935.03548 | P11: 165.73566 | Q11: 553.97434 | R11: 1123.7355 | S11: 919.29886
A12: 100 | B12: 720.69843 | C12: 848.35048 | D12: 1009.3577 | E12: 1173.5757 | F12: 810.81558 | G12: 940.32203 | H12: 1119.361 | I12: 1102.9744 | J12: 810.54429 | K12: 988.57714 | L12: 1202.5815 | M12: 693.19553 | N12: 1272.139 | O12: 1088.4535 | P12: 212.99841 | Q12: 704.43685 | R12: 1221.3889 | S12: 1042.7227
B14: =SLOPE($A2:$A12,B2:B12) -> 0.14820331 | C14: =SLOPE($A2:$A12,C2:C12) -> 0.12726832 | D14: =SLOPE($A2:$A12,D2:D12) -> 0.14092589 | E14: =SLOPE($A2:$A12,E2:E12) -> 0.13832576 | F14: =SLOPE($A2:$A12,F2:F12) -> 0.1574638 | G14: =SLOPE($A2:$A12,G2:G12) -> 0.17361345 | H14: =SLOPE($A2:$A12,H2:H12) -> 0.1572324 | I14: =SLOPE($A2:$A12,I2:I12) -> 0.14055515 | ... S14: =SLOPE($A2:$A12,S2:S12) -> 0.12147242
B15: =INTERCEPT($A2:$A12,B2:B12) -> -8.8650949 | C15: =INTERCEPT($A2:$A12,C2:C12) -> -11.374986 | D15: =INTERCEPT($A2:$A12,D2:D12) -> -47.666941 | E15: =INTERCEPT($A2:$A12,E2:E12) -> -68.943448 | F15: =INTERCEPT($A2:$A12,F2:F12) -> -32.855859 | G15: =INTERCEPT($A2:$A12,G2:G12) -> -71.460003 | H15: =INTERCEPT($A2:$A12,H2:H12) -> -77.970671 | I15: =INTERCEPT($A2:$A12,I2:I12) -> -57.568774 | ... S15: =INTERCEPT($A2:$A12,S2:S12) -> -31.912962
B16: =MAX(B30:B40)/MAX($A:$A) -> 0.030570665 | C16: =MAX(C30:C40)/MAX($A:$A) -> 0.034068427 | D16: =MAX(D30:D40)/MAX($A:$A) -> 0.054223124 | E16: =MAX(E30:E40)/MAX($A:$A) -> 0.066076899 | F16: =MAX(F30:F40)/MAX($A:$A) -> 0.051817573 | G16: =MAX(G30:G40)/MAX($A:$A) -> 0.082074563 | H16: =MAX(H30:H40)/MAX($A:$A) -> 0.026571307 | I16: =MAX(I30:I40)/MAX($A:$A) -> 0.028353627 | ... S16: =MAX(S30:S40)/MAX($A:$A) -> 0.056386081
A18: 0 | B18: =B2*B$14+B$15 -> -1.2599081 | C18: =C2*C$14+C$15 -> -1.2164343 | D18: =D2*D$14+D$15 -> -3.5869415 | E18: =E2*E$14+E$15 -> -2.6977226 | F18: =F2*F$14+F$15 -> -3.6994258 | G18: =G2*G$14+G$15 -> -4.2152383 | H18: =H2*H$14+H$15 -> -0.42392041 | I18: =I2*I$14+I$15 -> -1.8477733 | ... S18: =S2*S$14+S$15 -> -3.964639
A19: 4 | B19: =B3*B$14+B$15 -> 2.6179753 | C19: =C3*C$14+C$15 -> 2.3305996 | D19: =D3*D$14+D$15 -> 1.2752361 | E19: =E3*E$14+E$15 -> 0.82431378 | F19: =F3*F$14+F$15 -> 0.4589278 | G19: =G3*G$14+G$15 -> 0.32561038 | H19: =H3*H$14+H$15 -> 2.4728529 | I19: =I3*I$14+I$15 -> 2.3707979 | ... S19: =S3*S$14+S$15 -> 1.2177034
A20: 8 | B20: =B4*B$14+B$15 -> 7.2012693 | C20: =C4*C$14+C$15 -> 5.8146035 | D20: =D4*D$14+D$15 -> 6.2311192 | E20: =E4*E$14+E$15 -> 5.7185799 | F20: =F4*F$14+F$15 -> 6.1556497 | G20: =G4*G$14+G$15 -> 5.8146462 | H20: =H4*H$14+H$15 -> 6.2692706 | I20: =I4*I$14+I$15 -> 6.5511291 | ... S20: =S4*S$14+S$15 -> 6.6489763
A21: 12 | B21: =B5*B$14+B$15 -> 11.354742 | C21: =C5*C$14+C$15 -> 11.633473 | D21: =D5*D$14+D$15 -> 11.661563 | E21: =E5*E$14+E$15 -> 11.2766 | F21: =F5*F$14+F$15 -> 11.690235 | G21: =G5*G$14+G$15 -> 11.98025 | H21: =H5*H$14+H$15 -> 11.479469 | I21: =I5*I$14+I$15 -> 12.078701 | ... S21: =S5*S$14+S$15 -> 12.093293
A22: 16 | B22: =B6*B$14+B$15 -> 16.479889 | C22: =C6*C$14+C$15 -> 16.511404 | D22: =D6*D$14+D$15 -> 16.825759 | E22: =E6*E$14+E$15 -> 16.691424 | F22: =F6*F$14+F$15 -> 17.537091 | G22: =G6*G$14+G$15 -> 17.445374 | H22: =H6*H$14+H$15 -> 16.940056 | I22: =I6*I$14+I$15 -> 16.923392 | ... S22: =S6*S$14+S$15 -> 17.480167
A23: 20 | B23: =B7*B$14+B$15 -> 21.500546 | C23: =C7*C$14+C$15 -> 21.505061 | D23: =D7*D$14+D$15 -> 22.276667 | E23: =E7*E$14+E$15 -> 22.053687 | F23: =F7*F$14+F$15 -> 22.545692 | G23: =G7*G$14+G$15 -> 21.988276 | H23: =H7*H$14+H$15 -> 21.013267 | I23: =I7*I$14+I$15 -> 20.982535 | ... S23: =S7*S$14+S$15 -> 21.683044
A24: 30 | B24: =B8*B$14+B$15 -> 30.495866 | C24: =C8*C$14+C$15 -> 32.562189 | D24: =D8*D$14+D$15 -> 33.702212 | E24: =E8*E$14+E$15 -> 34.072838 | F24: =F8*F$14+F$15 -> 35.069224 | G24: =G8*G$14+G$15 -> 34.999305 | H24: =H8*H$14+H$15 -> 30.794049 | I24: =I8*I$14+I$15 -> 32.174892 | ... S24: =S8*S$14+S$15 -> 33.4124
A25: 40 | B25: =B9*B$14+B$15 -> 43.057067 | C25: =C9*C$14+C$15 -> 42.618619 | D25: =D9*D$14+D$15 -> 45.297031 | E25: =E9*E$14+E$15 -> 45.717646 | F25: =F9*F$14+F$15 -> 44.970225 | G25: =G9*G$14+G$15 -> 46.415561 | H25: =H9*H$14+H$15 -> 42.657131 | I25: =I9*I$14+I$15 -> 42.835363 | ... S25: =S9*S$14+S$15 -> 45.638608
A26: 60 | B26: =B10*B$14+B$15 -> 61.016873 | C26: =C10*C$14+C$15 -> 61.030582 | D26: =D10*D$14+D$15 -> 63.059659 | E26: =E10*E$14+E$15 -> 63.666795 | F26: =F10*F$14+F$15 -> 61.572641 | G26: =G10*G$14+G$15 -> 64.452386 | H26: =H10*H$14+H$15 -> 61.230632 | I26: =I10*I$14+I$15 -> 60.450798 | ... S26: =S10*S$14+S$15 -> 61.284859
A27: 80 | B27: =B11*B$14+B$15 -> 79.590881 | C27: =C11*C$14+C$15 -> 80.616746 | D27: =D11*D$14+D$15 -> 78.680008 | E27: =E11*E$14+E$15 -> 79.283529 | F27: =F11*F$14+F$15 -> 78.881497 | G27: =G11*G$14+G$15 -> 79.001286 | H27: =H11*H$14+H$15 -> 79.538055 | I27: =I11*I$14+I$15 -> 80.020211 | ... S27: =S11*S$14+S$15 -> 79.756498
A28: 100 | B28: =B12*B$14+B$15 -> 97.944799 | C28: =C12*C$14+C$15 -> 96.593157 | D28: =D12*D$14+D$15 -> 94.577688 | E28: =E12*E$14+E$15 -> 93.39231 | F28: =F12*F$14+F$15 -> 94.818243 | G28: =G12*G$14+G$15 -> 91.792544 | H28: =H12*H$14+H$15 -> 98.029139 | I28: =I12*I$14+I$15 -> 97.459954 | ... S28: =S12*S$14+S$15 -> 94.74909
A30: 0 | B30: =ABS(B18-$A18) -> 1.2599081 | C30: =ABS(C18-$A18) -> 1.2164343 | D30: =ABS(D18-$A18) -> 3.5869415 | E30: =ABS(E18-$A18) -> 2.6977226 | F30: =ABS(F18-$A18) -> 3.6994258 | G30: =ABS(G18-$A18) -> 4.2152383 | H30: =ABS(H18-$A18) -> 0.42392041 | I30: =ABS(I18-$A18) -> 1.8477733 | ... S30: =ABS(S18-$A18) -> 3.964639
A31: 4 | B31: =ABS(B19-$A19) -> 1.3820247 | C31: =ABS(C19-$A19) -> 1.6694004 | D31: =ABS(D19-$A19) -> 2.7247639 | E31: =ABS(E19-$A19) -> 3.1756862 | F31: =ABS(F19-$A19) -> 3.5410722 | G31: =ABS(G19-$A19) -> 3.6743896 | H31: =ABS(H19-$A19) -> 1.5271471 | I31: =ABS(I19-$A19) -> 1.6292021 | ... S31: =ABS(S19-$A19) -> 2.7822966
A32: 8 | B32: =ABS(B20-$A20) -> 0.79873074 | C32: =ABS(C20-$A20) -> 2.1853965 | D32: =ABS(D20-$A20) -> 1.7688808 | E32: =ABS(E20-$A20) -> 2.2814201 | F32: =ABS(F20-$A20) -> 1.8443503 | G32: =ABS(G20-$A20) -> 2.1853538 | H32: =ABS(H20-$A20) -> 1.7307294 | I32: =ABS(I20-$A20) -> 1.4488709 | ... S32: =ABS(S20-$A20) -> 1.3510237
A33: 12 | B33: =ABS(B21-$A21) -> 0.64525802 | C33: =ABS(C21-$A21) -> 0.366527 | D33: =ABS(D21-$A21) -> 0.33843724 | E33: =ABS(E21-$A21) -> 0.72340039 | F33: =ABS(F21-$A21) -> 0.30976478 | G33: =ABS(G21-$A21) -> 0.019750439 | H33: =ABS(H21-$A21) -> 0.52053072 | I33: =ABS(I21-$A21) -> 0.078701263 | ... S33: =ABS(S21-$A21) -> 0.093293267
A34: 16 | B34: =ABS(B22-$A22) -> 0.47988902 | C34: =ABS(C22-$A22) -> 0.51140415 | D34: =ABS(D22-$A22) -> 0.82575872 | E34: =ABS(E22-$A22) -> 0.69142358 | F34: =ABS(F22-$A22) -> 1.5370912 | G34: =ABS(G22-$A22) -> 1.4453743 | H34: =ABS(H22-$A22) -> 0.94005577 | I34: =ABS(I22-$A22) -> 0.9233916 | ... S34: =ABS(S22-$A22) -> 1.4801668
A35: 20 | B35: =ABS(B23-$A23) -> 1.5005459 | C35: =ABS(C23-$A23) -> 1.5050612 | D35: =ABS(D23-$A23) -> 2.2766674 | E35: =ABS(E23-$A23) -> 2.0536867 | F35: =ABS(F23-$A23) -> 2.5456922 | G35: =ABS(G23-$A23) -> 1.9882758 | H35: =ABS(H23-$A23) -> 1.0132669 | I35: =ABS(I23-$A23) -> 0.98253489 | ... S35: =ABS(S23-$A23) -> 1.6830444
A36: 30 | B36: =ABS(B24-$A24) -> 0.49586618 | C36: =ABS(C24-$A24) -> 2.5621893 | D36: =ABS(D24-$A24) -> 3.7022118 | E36: =ABS(E24-$A24) -> 4.0728383 | F36: =ABS(F24-$A24) -> 5.0692236 | G36: =ABS(G24-$A24) -> 4.9993052 | H36: =ABS(H24-$A24) -> 0.79404864 | I36: =ABS(I24-$A24) -> 2.1748922 | ... S36: =ABS(S24-$A24) -> 3.4123999
A37: 40 | B37: =ABS(B25-$A25) -> 3.0570665 | C37: =ABS(C25-$A25) -> 2.6186191 | D37: =ABS(D25-$A25) -> 5.2970311 | E37: =ABS(E25-$A25) -> 5.7176463 | F37: =ABS(F25-$A25) -> 4.9702255 | G37: =ABS(G25-$A25) -> 6.4155609 | H37: =ABS(H25-$A25) -> 2.6571307 | I37: =ABS(I25-$A25) -> 2.8353627 | ... S37: =ABS(S25-$A25) -> 5.6386081
A38: 60 | B38: =ABS(B26-$A26) -> 1.0168731 | C38: =ABS(C26-$A26) -> 1.0305815 | D38: =ABS(D26-$A26) -> 3.0596587 | E38: =ABS(E26-$A26) -> 3.6667953 | F38: =ABS(F26-$A26) -> 1.5726407 | G38: =ABS(G26-$A26) -> 4.4523859 | H38: =ABS(H26-$A26) -> 1.2306317 | I38: =ABS(I26-$A26) -> 0.45079802 | ... S38: =ABS(S26-$A26) -> 1.2848592
A39: 80 | B39: =ABS(B27-$A27) -> 0.40911855 | C39: =ABS(C27-$A27) -> 0.6167458 | D39: =ABS(D27-$A27) -> 1.3199919 | E39: =ABS(E27-$A27) -> 0.71647094 | F39: =ABS(F27-$A27) -> 1.1185028 | G39: =ABS(G27-$A27) -> 0.99871368 | H39: =ABS(H27-$A27) -> 0.46194536 | I39: =ABS(I27-$A27) -> 0.02021138 | ... S39: =ABS(S27-$A27) -> 0.24350196
A40: 100 | B40: =ABS(B28-$A28) -> 2.0552007 | C40: =ABS(C28-$A28) -> 3.4068427 | D40: =ABS(D28-$A28) -> 5.4223124 | E40: =ABS(E28-$A28) -> 6.6076899 | F40: =ABS(F28-$A28) -> 5.1817573 | G40: =ABS(G28-$A28) -> 8.2074563 | H40: =ABS(H28-$A28) -> 1.9708608 | I40: =ABS(I28-$A28) -> 2.5400458 | ... S40: =ABS(S28-$A28) -> 5.2509105

Sheet 100 unloading
A1: P | B1: 101R (Ohm) | C1: 102R (Ohm) | D1: 103R (Ohm) | E1: 104R (Ohm) | F1: 105R (Ohm) | G1: 106R (Ohm) | H1: 107R (Ohm) | I1: 108R (Ohm) | J1: 109R (Ohm) | K1: 110R (Ohm) | L1: 111R (Ohm) | M1: 112R (Ohm) | N1: 113R (Ohm) | O1: 114R (Ohm) | P1: 115R (Ohm) | Q1: 116R (Ohm) | R1: 117R (Ohm) | S1: 118R (Ohm)
A2: 0 | B2: 13.944649 | C2: 54.51162 | D2: 292.67785 | E2: 477.2466 | F2: 137.50194 | G2: 374.87741 | H2: 488.00947 | I2: 374.02329 | J2: 81.035467 | K2: 254.95892 | L2: 605.14076 | M2: 301.11249 | N2: 495.80531 | O2: 119.76312 | P2: 2.969607 | Q2: 24.71494 | R2: 600.63014 | S2: 192.80822
A3: 4 | B3: 30.15385 | C3: 99.119637 | D3: 349.79634 | E3: 562.2387 | F3: 185.08135 | G3: 442.48293 | H3: 515.20861 | I3: 425.50142 | J3: 108.39363 | K3: 325.34631 | L3: 673.12968 | M3: 350.54991 | N3: 511.78175 | O3: 179.96071 | P3: 3.3234958 | Q3: 38.169021 | R3: 667.33506 | S3: 279.07631
A4: 8 | B4: 70.371873 | C4: 138.6016 | D4: 396.39082 | E4: 614.81791 | F4: 232.68078 | G4: 486.02127 | H4: 540.80914 | I4: 475.0508 | J4: 140.92386 | K4: 384.85904 | L4: 723.05471 | M4: 386.01014 | N4: 528.9316 | O4: 244.33723 | P4: 3.0502806 | Q4: 58.873303 | R4: 710.44232 | S4: 342.65922
A5: 12 | B5: 117.89656 | C5: 196.51737 | D5: 444.58256 | E5: 666.23302 | F5: 287.63805 | G5: 533.51856 | H5: 583.59879 | I5: 526.52505 | J5: 182.64882 | K5: 451.60324 | L5: 778.78655 | M5: 420.72798 | N5: 554.85057 | O5: 336.05136 | P5: 7.204356 | Q5: 85.025342 | R5: 757.37096 | S5: 413.91543
A6: 16 | B6: 167.39942 | C6: 253.97273 | D6: 493.09497 | E6: 716.66939 | F6: 339.37001 | G6: 577.21496 | H6: 622.06993 | I6: 574.1136 | J6: 224.22557 | K6: 509.25293 | L6: 821.52283 | M6: 447.14098 | N6: 587.82419 | O6: 400.09559 | P6: 11.324233 | Q6: 116.16064 | R6: 801.48615 | S6: 466.83684
A7: 20 | B7: 206.44429 | C7: 299.49443 | D7: 533.13049 | E7: 755.42775 | F7: 384.62839 | G7: 610.93813 | H7: 648.06534 | I7: 612.99347 | J7: 265.33059 | K7: 551.15635 | L7: 851.86043 | M7: 471.93815 | N7: 620.39223 | O7: 451.64166 | P7: 14.987594 | Q7: 138.88779 | R7: 839.08942 | S7: 516.30069
A8: 30 | B8: 296.06184 | C8: 397.79744 | D8: 632.67209 | E8: 845.24876 | F8: 476.24711 | G8: 684.90283 | H8: 734.87931 | I8: 707.91939 | J8: 372.84633 | K8: 640.26584 | L8: 921.00037 | M8: 522.35971 | N8: 767.25333 | O8: 570.98385 | P8: 26.429243 | Q8: 211.89071 | R8: 919.95938 | S8: 637.35312
A9: 40 | B9: 378.86909 | C9: 480.87406 | D9: 713.01829 | E9: 919.75955 | F9: 533.9143 | G9: 744.32744 | H9: 807.28851 | I9: 773.47874 | J9: 450.92079 | K9: 711.20533 | L9: 978.39648 | M9: 559.22309 | N9: 896.73541 | O9: 696.72781 | P9: 57.413012 | Q9: 287.26089 | R9: 980.87224 | S9: 713.92444
A10: 60 | B10: 529.04648 | C10: 644.22874 | D10: 841.34464 | E10: 1034.4361 | F10: 674.30754 | G10: 836.61762 | H10: 930.65432 | I10: 914.63773 | J10: 613.6735 | K10: 834.63454 | L10: 1068.2575 | M10: 624.16226 | N10: 1072.4167 | O10: 850.67807 | P10: 116.51288 | Q10: 445.04013 | R10: 1086.8442 | S10: 852.50387
A11: 80 | B11: 635.05478 | C11: 767.0079 | D11: 942.48644 | E11: 1117.3889 | F11: 751.74062 | G11: 900.06397 | H11: 1041.8068 | I11: 1023.6304 | J11: 722.37194 | K11: 927.64879 | L11: 1148.1537 | M11: 661.16674 | N11: 1189.4437 | O11: 996.18801 | P11: 173.47378 | Q11: 587.87985 | R11: 1166.1273 | S11: 975.2261
A12: 100 | B12: 720.69843 | C12: 848.35048 | D12: 1009.3577 | E12: 1173.5757 | F12: 810.81558 | G12: 940.32203 | H12: 1119.361 | I12: 1102.9744 | J12: 810.54429 | K12: 988.57714 | L12: 1202.5815 | M12: 693.19553 | N12: 1272.139 | O12: 1088.4535 | P12: 212.99841 | Q12: 704.43685 | R12: 1221.3889 | S12: 1042.7227
B14: =SLOPE($A2:$A12,B2:B12) -> 0.13220907 | C14: =SLOPE($A2:$A12,C2:C12) -> 0.11931886 | D14: =SLOPE($A2:$A12,D2:D12) -> 0.13294133 | E14: =SLOPE($A2:$A12,E2:E12) -> 0.13870536 | F14: =SLOPE($A2:$A12,F2:F12) -> 0.13925558 | G14: =SLOPE($A2:$A12,G2:G12) -> 0.16826262 | H14: =SLOPE($A2:$A12,H2:H12) -> 0.15062819 | I14: =SLOPE($A2:$A12,I2:I12) -> 0.1328698 | ... S14: =SLOPE($A2:$A12,S2:S12) -> 0.11321931
B15: =INTERCEPT($A2:$A12,B2:B12) -> -4.4151053 | C15: =INTERCEPT($A2:$A12,C2:C12) -> -11.709967 | D15: =INTERCEPT($A2:$A12,D2:D12) -> -46.715217 | E15: =INTERCEPT($A2:$A12,E2:E12) -> -78.37505 | F15: =INTERCEPT($A2:$A12,F2:F12) -> -27.305999 | G15: =INTERCEPT($A2:$A12,G2:G12) -> -75.448094 | H15: =INTERCEPT($A2:$A12,H2:H12) -> -76.346196 | I15: =INTERCEPT($A2:$A12,I2:I12) -> -57.087718 | ... S15: =INTERCEPT($A2:$A12,S2:S12) -> -32.579715
B16: =MAX(B30:B40)/MAX($A:$A) -> 0.091322344 | C16: =MAX(C30:C40)/MAX($A:$A) -> 0.10485754 | D16: =MAX(D30:D40)/MAX($A:$A) -> 0.12529863 | E16: =MAX(E30:E40)/MAX($A:$A) -> 0.15593809 | F16: =MAX(F30:F40)/MAX($A:$A) -> 0.14395408 | G16: =MAX(G30:G40)/MAX($A:$A) -> 0.1722705 | H16: =MAX(H30:H40)/MAX($A:$A) -> 0.077388795 | I16: =MAX(I30:I40)/MAX($A:$A) -> 0.10535732 | ... S16: =MAX(S30:S40)/MAX($A:$A) -> 0.14523367
A18: 0 | B18: =B2*B$14+B$15 -> -2.5714962 | C18: =C2*C$14+C$15 -> -5.2057022 | D18: =D2*D$14+D$15 -> -7.8062328 | E18: =E2*E$14+E$15 -> -12.178392 | F18: =F2*F$14+F$15 -> -8.1580869 | G18: =G2*G$14+G$15 -> -12.37024 | H18: =H2*H$14+H$15 -> -2.8382126 | I18: =I2*I$14+I$15 -> -7.3913192 | ... S18: =S2*S$14+S$15 -> -10.7501
A19: 4 | B19: =B3*B$14+B$15 -> -0.42849266 | C19: =C3*C$14+C$15 -> 0.11687549 | D19: =D3*D$14+D$15 -> -0.2128246 | E19: =E3*E$14+E$15 -> -0.38953105 | F19: =F3*F$14+F$15 -> -1.5323897 | G19: =G3*G$14+G$15 -> -0.99475906 | H19: =H3*H$14+H$15 -> 1.2587452 | I19: =I3*I$14+I$15 -> -0.55143131 | ... S19: =S3*S$14+S$15 -> -0.98288686
A20: 8 | B20: =B4*B$14+B$15 -> 4.8886948 | C20: =C4*C$14+C$15 -> 4.8278184 | D20: =D4*D$14+D$15 -> 5.9815071 | E20: =E4*E$14+E$15 -> 6.9034866 | F20: =F4*F$14+F$15 -> 5.096097 | G20: =G4*G$14+G$15 -> 6.331116 | H20: =H4*H$14+H$15 -> 5.114906 | I20: =I4*I$14+I$15 -> 6.0321859 | ... S20: =S4*S$14+S$15 -> 6.2159272
A21: 12 | B21: =B5*B$14+B$15 -> 11.17189 | C21: =C5*C$14+C$15 -> 11.738262 | D21: =D5*D$14+D$15 -> 12.388181 | E21: =E5*E$14+E$15 -> 14.035038 | F21: =F5*F$14+F$15 -> 12.749203 | G21: =G5*G$14+G$15 -> 14.323134 | H21: =H5*H$14+H$15 -> 11.560235 | I21: =I5*I$14+I$15 -> 12.871559 | ... S21: =S5*S$14+S$15 -> 14.283506
A22: 16 | B22: =B6*B$14+B$15 -> 17.716617 | C22: =C6*C$14+C$15 -> 18.59377 | D22: =D6*D$14+D$15 -> 18.837485 | E22: =E6*E$14+E$15 -> 21.030832 | F22: =F6*F$14+F$15 -> 19.953167 | G22: =G6*G$14+G$15 -> 21.675606 | H22: =H6*H$14+H$15 -> 17.355073 | I22: =I6*I$14+I$15 -> 19.19464 | ... S22: =S6*S$14+S$15 -> 20.275232
A23: 20 | B23: =B7*B$14+B$15 -> 22.878702 | C23: =C7*C$14+C$15 -> 24.025368 | D23: =D7*D$14+D$15 -> 24.159862 | E23: =E7*E$14+E$15 -> 26.406824 | F23: =F7*F$14+F$15 -> 26.255648 | G23: =G7*G$14+G$15 -> 27.349955 | H23: =H7*H$14+H$15 -> 21.270714 | I23: =I7*I$14+I$15 -> 24.3606 | ... S23: =S7*S$14+S$15 -> 25.875495
A24: 30 | B24: =B8*B$14+B$15 -> 34.726956 | C24: =C8*C$14+C$15 -> 35.754771 | D24: =D8*D$14+D$15 -> 37.393054 | E24: =E8*E$14+E$15 -> 38.86548 | F24: =F8*F$14+F$15 -> 39.014067 | G24: =G8*G$14+G$15 -> 39.795449 | H24: =H8*H$14+H$15 -> 34.347345 | I24: =I8*I$14+I$15 -> 36.973388 | ... S24: =S8*S$14+S$15 -> 39.580968
A25: 40 | B25: =B9*B$14+B$15 -> 45.674826 | C25: =C9*C$14+C$15 -> 45.667378 | D25: =D9*D$14+D$15 -> 48.074384 | E25: =E9*E$14+E$15 -> 49.200526 | F25: =F9*F$14+F$15 -> 47.044544 | G25: =G9*G$14+G$15 -> 49.794388 | H25: =H9*H$14+H$15 -> 45.254213 | I25: =I9*I$14+I$15 -> 45.684245 | ... S25: =S9*S$14+S$15 -> 48.250321
A26: 60 | B26: =B10*B$14+B$15 -> 65.529639 | C26: =C10*C$14+C$15 -> 65.158672 | D26: =D10*D$14+D$15 -> 65.13426 | E26: =E10*E$14+E$15 -> 65.106774 | F26: =F10*F$14+F$15 -> 66.595085 | G26: =G10*G$14+G$15 -> 65.323375 | H26: =H10*H$14+H$15 -> 63.836582 | I26: =I10*I$14+I$15 -> 64.440012 | ... S26: =S10*S$14+S$15 -> 63.940189
A27: 80 | B27: =B11*B$14+B$15 -> 79.544899 | C27: =C11*C$14+C$15 -> 79.808542 | D27: =D11*D$14+D$15 -> 78.580187 | E27: =E11*E$14+E$15 -> 76.61277 | F27: =F11*F$14+F$15 -> 77.378073 | G27: =G11*G$14+G$15 -> 75.999025 | H27: =H11*H$14+H$15 -> 80.579279 | I27: =I11*I$14+I$15 -> 78.921852 | ... S27: =S11*S$14+S$15 -> 77.834715
A28: 100 | B28: =B12*B$14+B$15 -> 90.867766 | C28: =C12*C$14+C$15 -> 89.514246 | D28: =D12*D$14+D$15 -> 87.470137 | E28: =E12*E$14+E$15 -> 84.406191 | F28: =F12*F$14+F$15 -> 85.604592 | G28: =G12*G$14+G$15 -> 82.77295 | H28: =H12*H$14+H$15 -> 92.26112 | I28: =I12*I$14+I$15 -> 89.464268 | ... S28: =S12*S$14+S$15 -> 85.476633
A30: 0 | B30: =ABS(B18-$A18) -> 2.5714962 | C30: =ABS(C18-$A18) -> 5.2057022 | D30: =ABS(D18-$A18) -> 7.8062328 | E30: =ABS(E18-$A18) -> 12.178392 | F30: =ABS(F18-$A18) -> 8.1580869 | G30: =ABS(G18-$A18) -> 12.37024 | H30: =ABS(H18-$A18) -> 2.8382126 | I30: =ABS(I18-$A18) -> 7.3913192 | ... S30: =ABS(S18-$A18) -> 10.7501
A31: 4 | B31: =ABS(B19-$A19) -> 4.4284927 | C31: =ABS(C19-$A19) -> 3.8831245 | D31: =ABS(D19-$A19) -> 4.2128246 | E31: =ABS(E19-$A19) -> 4.389531 | F31: =ABS(F19-$A19) -> 5.5323897 | G31: =ABS(G19-$A19) -> 4.9947591 | H31: =ABS(H19-$A19) -> 2.7412548 | I31: =ABS(I19-$A19) -> 4.5514313 | ... S31: =ABS(S19-$A19) -> 4.9828869
A32: 8 | B32: =ABS(B20-$A20) -> 3.1113052 | C32: =ABS(C20-$A20) -> 3.1721816 | D32: =ABS(D20-$A20) -> 2.0184929 | E32: =ABS(E20-$A20) -> 1.0965134 | F32: =ABS(F20-$A20) -> 2.903903 | G32: =ABS(G20-$A20) -> 1.668884 | H32: =ABS(H20-$A20) -> 2.885094 | I32: =ABS(I20-$A20) -> 1.9678141 | ... S32: =ABS(S20-$A20) -> 1.7840728
A33: 12 | B33: =ABS(B21-$A21) -> 0.82811007 | C33: =ABS(C21-$A21) -> 0.26173841 | D33: =ABS(D21-$A21) -> 0.38818129 | E33: =ABS(E21-$A21) -> 2.0350377 | F33: =ABS(F21-$A21) -> 0.74920262 | G33: =ABS(G21-$A21) -> 2.3231341 | H33: =ABS(H21-$A21) -> 0.43976506 | I33: =ABS(I21-$A21) -> 0.87155915 | ... S33: =ABS(S21-$A21) -> 2.2835059
A34: 16 | B34: =ABS(B22-$A22) -> 1.7166165 | C34: =ABS(C22-$A22) -> 2.5937705 | D34: =ABS(D22-$A22) -> 2.8374853 | E34: =ABS(E22-$A22) -> 5.0308325 | F34: =ABS(F22-$A22) -> 3.9531671 | G34: =ABS(G22-$A22) -> 5.6756057 | H34: =ABS(H22-$A22) -> 1.3550728 | I34: =ABS(I22-$A22) -> 3.1946395 | ... S34: =ABS(S22-$A22) -> 4.2752318
A35: 20 | B35: =ABS(B23-$A23) -> 2.8787023 | C35: =ABS(C23-$A23) -> 4.0253678 | D35: =ABS(D23-$A23) -> 4.1598616 | E35: =ABS(E23-$A23) -> 6.4068243 | F35: =ABS(F23-$A23) -> 6.2556483 | G35: =ABS(G23-$A23) -> 7.3499548 | H35: =ABS(H23-$A23) -> 1.2707145 | I35: =ABS(I23-$A23) -> 4.3606004 | ... S35: =ABS(S23-$A23) -> 5.8754955
A36: 30 | B36: =ABS(B24-$A24) -> 4.7269564 | C36: =ABS(C24-$A24) -> 5.7547706 | D36: =ABS(D24-$A24) -> 7.3930537 | E36: =ABS(E24-$A24) -> 8.8654801 | F36: =ABS(F24-$A24) -> 9.0140669 | G36: =ABS(G24-$A24) -> 9.7954489 | H36: =ABS(H24-$A24) -> 4.3473452 | I36: =ABS(I24-$A24) -> 6.9733879 | ... S36: =ABS(S24-$A24) -> 9.5809684
A37: 40 | B37: =ABS(B25-$A25) -> 5.6748258 | C37: =ABS(C25-$A25) -> 5.6673778 | D37: =ABS(D25-$A25) -> 8.0743843 | E37: =ABS(E25-$A25) -> 9.2005259 | F37: =ABS(F25-$A25) -> 7.0445443 | G37: =ABS(G25-$A25) -> 9.7943885 | H37: =ABS(H25-$A25) -> 5.2542129 | I37: =ABS(I25-$A25) -> 5.6842454 | ... S37: =ABS(S25-$A25) -> 8.2503211
A38: 60 | B38: =ABS(B26-$A26) -> 5.5296386 | C38: =ABS(C26-$A26) -> 5.1586721 | D38: =ABS(D26-$A26) -> 5.1342604 | E38: =ABS(E26-$A26) -> 5.1067743 | F38: =ABS(F26-$A26) -> 6.5950855 | G38: =ABS(G26-$A26) -> 5.3233753 | H38: =ABS(H26-$A26) -> 3.8365816 | I38: =ABS(I26-$A26) -> 4.4400118 | ... S38: =ABS(S26-$A26) -> 3.9401893
A39: 80 | B39: =ABS(B27-$A27) -> 0.45510119 | C39: =ABS(C27-$A27) -> 0.19145801 | D39: =ABS(D27-$A27) -> 1.4198132 | E39: =ABS(E27-$A27) -> 3.38723 | F39: =ABS(F27-$A27) -> 2.6219269 | G39: =ABS(G27-$A27) -> 4.0009748 | H39: =ABS(H27-$A27) -> 0.57927892 | I39: =ABS(I27-$A27) -> 1.0781476 | ... S39: =ABS(S27-$A27) -> 2.1652847
A40: 100 | B40: =ABS(B28-$A28) -> 9.1322344 | C40: =ABS(C28-$A28) -> 10.485754 | D40: =ABS(D28-$A28) -> 12.529863 | E40: =ABS(E28-$A28) -> 15.593809 | F40: =ABS(F28-$A28) -> 14.395408 | G40: =ABS(G28-$A28) -> 17.22705 | H40: =ABS(H28-$A28) -> 7.7388795 | I40: =ABS(I28-$A28) -> 10.535732 | ... S40: =ABS(S28-$A28) -> 14.523367

Sheet 100both
A1: P | B1: 101R (Ohm) | C1: 102R (Ohm) | D1: 103R (Ohm) | E1: 104R (Ohm) | F1: 105R (Ohm) | G1: 106R (Ohm) | H1: 107R (Ohm) | I1: 108R (Ohm) | J1: 109R (Ohm) | K1: 110R (Ohm) | L1: 111R (Ohm) | M1: 112R (Ohm) | N1: 113R (Ohm) | O1: 114R (Ohm) | P1: 115R (Ohm) | Q1: 116R (Ohm) | R1: 117R (Ohm) | S1: 118R (Ohm)
A2: =AVERAGE('100 loading'!A2,'100 unloading'!A2) -> 0 | B2: =AVERAGE('100 loading'!B2,'100 unloading'!B2) -> 32.630276 | C2: =AVERAGE('100 loading'!C2,'100 unloading'!C2) -> 67.165788 | D2: =AVERAGE('100 loading'!D2,'100 unloading'!D2) -> 302.73318 | E2: =AVERAGE('100 loading'!E2,'100 unloading'!E2) -> 478.07879 | F2: =AVERAGE('100 loading'!F2,'100 unloading'!F2) -> 161.33236 | G2: =AVERAGE('100 loading'!G2,'100 unloading'!G2) -> 381.10102 | H2: =AVERAGE('100 loading'!H2,'100 unloading'!H2) -> 490.60388 | ... S2: =AVERAGE('100 loading'!S2,'100 unloading'!S2) -> 211.4439
A3: =AVERAGE('100 loading'!A3,'100 unloading'!A3) -> 4 | B3: =AVERAGE('100 loading'!B3,'100 unloading'!B3) -> 53.817862 | C3: =AVERAGE('100 loading'!C3,'100 unloading'!C3) -> 103.40505 | D3: =AVERAGE('100 loading'!D3,'100 unloading'!D3) -> 348.54326 | E3: =AVERAGE('100 loading'!E3,'100 unloading'!E3) -> 533.30579 | F3: =AVERAGE('100 loading'!F3,'100 unloading'!F3) -> 198.32622 | G3: =AVERAGE('100 loading'!G3,'100 unloading'!G3) -> 427.98125 | H3: =AVERAGE('100 loading'!H3,'100 unloading'!H3) -> 513.4152 | ... S3: =AVERAGE('100 loading'!S3,'100 unloading'!S3) -> 275.90929
A4: =AVERAGE('100 loading'!A4,'100 unloading'!A4) -> 8 | B4: =AVERAGE('100 loading'!B4,'100 unloading'!B4) -> 89.389732 | C4: =AVERAGE('100 loading'!C4,'100 unloading'!C4) -> 136.83367 | D4: =AVERAGE('100 loading'!D4,'100 unloading'!D4) -> 389.42379 | E4: =AVERAGE('100 loading'!E4,'100 unloading'!E4) -> 577.28648 | F4: =AVERAGE('100 loading'!F4,'100 unloading'!F4) -> 240.21492 | G4: =AVERAGE('100 loading'!G4,'100 unloading'!G4) -> 465.55863 | H4: =AVERAGE('100 loading'!H4,'100 unloading'!H4) -> 538.2881 | ... S4: =AVERAGE('100 loading'!S4,'100 unloading'!S4) -> 330.05674
A5: =AVERAGE('100 loading'!A5,'100 unloading'!A5) -> 12 | B5: =AVERAGE('100 loading'!B5,'100 unloading'!B5) -> 127.16483 | C5: =AVERAGE('100 loading'!C5,'100 unloading'!C5) -> 188.65219 | D5: =AVERAGE('100 loading'!D5,'100 unloading'!D5) -> 432.78668 | E5: =AVERAGE('100 loading'!E5,'100 unloading'!E5) -> 623.08436 | F5: =AVERAGE('100 loading'!F5,'100 unloading'!F5) -> 285.26771 | G5: =AVERAGE('100 loading'!G5,'100 unloading'!G5) -> 507.06397 | H5: =AVERAGE('100 loading'!H5,'100 unloading'!H5) -> 576.25139 | ... S5: =AVERAGE('100 loading'!S5,'100 unloading'!S5) -> 388.09453
A6: =AVERAGE('100 loading'!A6,'100 unloading'!A6) -> 16 | B6: =AVERAGE('100 loading'!B6,'100 unloading'!B6) -> 169.20719 | C6: =AVERAGE('100 loading'!C6,'100 unloading'!C6) -> 236.54383 | D6: =AVERAGE('100 loading'!D6,'100 unloading'!D6) -> 475.36527 | E6: =AVERAGE('100 loading'!E6,'100 unloading'!E6) -> 667.87527 | F6: =AVERAGE('100 loading'!F6,'100 unloading'!F6) -> 329.69941 | G6: =AVERAGE('100 loading'!G6,'100 unloading'!G6) -> 544.65152 | H6: =AVERAGE('100 loading'!H6,'100 unloading'!H6) -> 612.85166 | ... S6: =AVERAGE('100 loading'!S6,'100 unloading'!S6) -> 436.72847
A7: =AVERAGE('100 loading'!A7,'100 unloading'!A7) -> 20 | B7: =AVERAGE('100 loading'!B7,'100 unloading'!B7) -> 205.66803 | C7: =AVERAGE('100 loading'!C7,'100 unloading'!C7) -> 278.9233 | D7: =AVERAGE('100 loading'!D7,'100 unloading'!D7) -> 514.72266 | E7: =AVERAGE('100 loading'!E7,'100 unloading'!E7) -> 706.63719 | F7: =AVERAGE('100 loading'!F7,'100 unloading'!F7) -> 368.23257 | G7: =AVERAGE('100 loading'!G7,'100 unloading'!G7) -> 574.59649 | H7: =AVERAGE('100 loading'!H7,'100 unloading'!H7) -> 638.8022 | ... S7: =AVERAGE('100 loading'!S7,'100 unloading'!S7) -> 478.76012
A8: =AVERAGE('100 loading'!A8,'100 unloading'!A8) -> 30 | B8: =AVERAGE('100 loading'!B8,'100 unloading'!B8) -> 280.82472 | C8: =AVERAGE('100 loading'!C8,'100 unloading'!C8) -> 371.51502 | D8: =AVERAGE('100 loading'!D8,'100 unloading'!D8) -> 605.03088 | E8: =AVERAGE('100 loading'!E8,'100 unloading'!E8) -> 794.99279 | F8: =AVERAGE('100 loading'!F8,'100 unloading'!F8) -> 453.80832 | G8: =AVERAGE('100 loading'!G8,'100 unloading'!G8) -> 649.0501 | H8: =AVERAGE('100 loading'!H8,'100 unloading'!H8) -> 713.31213 | ... S8: =AVERAGE('100 loading'!S8,'100 unloading'!S8) -> 587.56624
A9: =AVERAGE('100 loading'!A9,'100 unloading'!A9) -> 40 | B9: =AVERAGE('100 loading'!B9,'100 unloading'!B9) -> 364.60661 | C9: =AVERAGE('100 loading'!C9,'100 unloading'!C9) -> 452.5621 | D9: =AVERAGE('100 loading'!D9,'100 unloading'!D9) -> 686.34198 | E9: =AVERAGE('100 loading'!E9,'100 unloading'!E9) -> 874.34016 | F9: =AVERAGE('100 loading'!F9,'100 unloading'!F9) -> 514.08089 | G9: =AVERAGE('100 loading'!G9,'100 unloading'!G9) -> 711.64078 | H9: =AVERAGE('100 loading'!H9,'100 unloading'!H9) -> 787.24141 | ... S9: =AVERAGE('100 loading'!S9,'100 unloading'!S9) -> 676.17694
A10: =AVERAGE('100 loading'!A10,'100 unloading'!A10) -> 60 | B10: =AVERAGE('100 loading'!B10,'100 unloading'!B10) -> 500.28709 | C10: =AVERAGE('100 loading'!C10,'100 unloading'!C10) -> 606.57465 | D10: =AVERAGE('100 loading'!D10,'100 unloading'!D10) -> 813.52632 | E10: =AVERAGE('100 loading'!E10,'100 unloading'!E10) -> 996.55841 | F10: =AVERAGE('100 loading'!F10,'100 unloading'!F10) -> 636.9957 | G10: =AVERAGE('100 loading'!G10,'100 unloading'!G10) -> 809.73123 | H10: =AVERAGE('100 loading'!H10,'100 unloading'!H10) -> 907.98816 | ... S10: =AVERAGE('100 loading'!S10,'100 unloading'!S10) -> 809.86914
A11: =AVERAGE('100 loading'!A11,'100 unloading'!A11) -> 80 | B11: =AVERAGE('100 loading'!B11,'100 unloading'!B11) -> 615.95519 | C11: =AVERAGE('100 loading'!C11,'100 unloading'!C11) -> 744.91254 | D11: =AVERAGE('100 loading'!D11,'100 unloading'!D11) -> 919.51766 | E11: =AVERAGE('100 loading'!E11,'100 unloading'!E11) -> 1094.4839 | F11: =AVERAGE('100 loading'!F11,'100 unloading'!F11) -> 730.67363 | G11: =AVERAGE('100 loading'!G11,'100 unloading'!G11) -> 883.35467 | H11: =AVERAGE('100 loading'!H11,'100 unloading'!H11) -> 1021.7821 | ... S11: =AVERAGE('100 loading'!S11,'100 unloading'!S11) -> 947.26248
A12: =AVERAGE('100 loading'!A12,'100 unloading'!A12) -> 100 | B12: =AVERAGE('100 loading'!B12,'100 unloading'!B12) -> 720.69843 | C12: =AVERAGE('100 loading'!C12,'100 unloading'!C12) -> 848.35048 | D12: =AVERAGE('100 loading'!D12,'100 unloading'!D12) -> 1009.3577 | E12: =AVERAGE('100 loading'!E12,'100 unloading'!E12) -> 1173.5757 | F12: =AVERAGE('100 loading'!F12,'100 unloading'!F12) -> 810.81558 | G12: =AVERAGE('100 loading'!G12,'100 unloading'!G12) -> 940.32203 | H12: =AVERAGE('100 loading'!H12,'100 unloading'!H12) -> 1119.361 | ... S12: =AVERAGE('100 loading'!S12,'100 unloading'!S12) -> 1042.7227
B14: =SLOPE($A2:$A12,B2:B12) -> 0.14012157 | C14: =SLOPE($A2:$A12,C2:C12) -> 0.12350841 | D14: =SLOPE($A2:$A12,D2:D12) -> 0.13715239 | E14: =SLOPE($A2:$A12,E2:E12) -> 0.13938665 | F14: =SLOPE($A2:$A12,F2:F12) -> 0.14842229 | G14: =SLOPE($A2:$A12,G2:G12) -> 0.17191046 | H14: =SLOPE($A2:$A12,H2:H12) -> 0.1541058 | I14: =SLOPE($A2:$A12,I2:I12) -> 0.13714258 | ... S14: =SLOPE($A2:$A12,S2:S12) -> 0.11782053
B15: =INTERCEPT($A2:$A12,B2:B12) -> -6.619926 | C15: =INTERCEPT($A2:$A12,C2:C12) -> -11.67369 | D15: =INTERCEPT($A2:$A12,D2:D12) -> -47.375184 | E15: =INTERCEPT($A2:$A12,E2:E12) -> -74.327709 | F15: =INTERCEPT($A2:$A12,F2:F12) -> -30.177763 | G15: =INTERCEPT($A2:$A12,G2:G12) -> -74.121049 | H15: =INTERCEPT($A2:$A12,H2:H12) -> -77.318374 | I15: =INTERCEPT($A2:$A12,I2:I12) -> -57.679792 | ... S15: =INTERCEPT($A2:$A12,S2:S12) -> -32.606522
B16: =MAX(B30:B40)/MAX($A:$A) -> 0.056345309 | C16: =MAX(C30:C40)/MAX($A:$A) -> 0.068952749 | D16: =MAX(D30:D40)/MAX($A:$A) -> 0.089393622 | E16: =MAX(E30:E40)/MAX($A:$A) -> 0.10746913 | F16: =MAX(F30:F40)/MAX($A:$A) -> 0.098346582 | G16: =MAX(G30:G40)/MAX($A:$A) -> 0.12469853 | H16: =MAX(H30:H40)/MAX($A:$A) -> 0.04818356 | I16: =MAX(I30:I40)/MAX($A:$A) -> 0.064150325 | ... S16: =MAX(S30:S40)/MAX($A:$A) -> 0.097523811
A18: 0 | B18: =B2*B$14+B$15 -> -2.0477205 | C18: =C2*C$14+C$15 -> -3.3781509 | D18: =D2*D$14+D$15 -> -5.8546029 | E18: =E2*E$14+E$15 -> -7.6899069 | F18: =F2*F$14+F$15 -> -6.2324452 | G18: =G2*G$14+G$15 -> -8.605795 | H18: =H2*H$14+H$15 -> -1.7134698 | I18: =I2*I$14+I$15 -> -4.8484613 | ... S18: =S2*S$14+S$15 -> -7.6940896
A19: 4 | B19: =B3*B$14+B$15 -> 0.92111724 | C19: =C3*C$14+C$15 -> 1.0977031 | D19: =D3*D$14+D$15 -> 0.42835883 | E19: =E3*E$14+E$15 -> 0.0080001095 | F19: =F3*F$14+F$15 -> -0.74173197 | G19: =G3*G$14+G$15 -> -0.54659371 | H19: =H3*H$14+H$15 -> 1.8018883 | I19: =I3*I$14+I$15 -> 0.73953401 | ... S19: =S3*S$14+S$15 -> -0.098742385
A20: 8 | B20: =B4*B$14+B$15 -> 5.9055036 | C20: =C4*C$14+C$15 -> 5.2264179 | D20: =D4*D$14+D$15 -> 6.0352218 | E20: =E4*E$14+E$15 -> 6.1383214 | F20: =F4*F$14+F$15 -> 5.4754858 | G20: =G4*G$14+G$15 -> 5.9133513 | H20: =H4*H$14+H$15 -> 5.6349456 | I20: =I4*I$14+I$15 -> 6.1766177 | ... S20: =S4*S$14+S$15 -> 6.2809388
A21: 12 | B21: =B5*B$14+B$15 -> 11.19861 | C21: =C5*C$14+C$15 -> 11.626441 | D21: =D5*D$14+D$15 -> 11.982546 | E21: =E5*E$14+E$15 -> 12.521935 | F21: =F5*F$14+F$15 -> 12.162323 | G21: =G5*G$14+G$15 -> 13.048554 | H21: =H5*H$14+H$15 -> 11.485309 | I21: =I5*I$14+I$15 -> 12.402957 | ... S21: =S5*S$14+S$15 -> 13.118982
A22: 16 | B22: =B6*B$14+B$15 -> 17.089651 | C22: =C6*C$14+C$15 -> 17.541462 | D22: =D6*D$14+D$15 -> 17.822301 | E22: =E6*E$14+E$15 -> 18.76519 | F22: =F6*F$14+F$15 -> 18.756977 | G22: =G6*G$14+G$15 -> 19.510247 | H22: =H6*H$14+H$15 -> 17.125623 | I22: =I6*I$14+I$15 -> 18.029698 | ... S22: =S6*S$14+S$15 -> 18.849058
A23: 20 | B23: =B7*B$14+B$15 -> 22.198602 | C23: =C7*C$14+C$15 -> 22.775682 | D23: =D7*D$14+D$15 -> 23.220261 | E23: =E7*E$14+E$15 -> 24.168084 | F23: =F7*F$14+F$15 -> 24.476158 | G23: =G7*G$14+G$15 -> 24.6581 | H23: =H7*H$14+H$15 -> 21.124752 | I23: =I7*I$14+I$15 -> 22.676036 | ... S23: =S7*S$14+S$15 -> 23.801249
A24: 30 | B24: =B8*B$14+B$15 -> 32.729674 | C24: =C8*C$14+C$15 -> 34.211538 | D24: =D8*D$14+D$15 -> 35.60625 | E24: =E8*E$14+E$15 -> 36.483675 | F24: =F8*F$14+F$15 -> 37.177506 | G24: =G8*G$14+G$15 -> 37.457455 | H24: =H8*H$14+H$15 -> 32.607164 | I24: =I8*I$14+I$15 -> 34.645537 | ... S24: =S8*S$14+S$15 -> 36.620845
A25: 40 | B25: =B9*B$14+B$15 -> 44.469325 | C25: =C9*C$14+C$15 -> 44.221534 | D25: =D9*D$14+D$15 -> 46.758262 | E25: =E9*E$14+E$15 -> 47.543639 | F25: =F9*F$14+F$15 -> 46.123299 | G25: =G9*G$14+G$15 -> 48.217448 | H25: =H9*H$14+H$15 -> 44.000095 | I25: =I9*I$14+I$15 -> 44.341848 | ... S25: =S9*S$14+S$15 -> 47.061004
A26: 60 | B26: =B10*B$14+B$15 -> 63.481087 | C26: =C10*C$14+C$15 -> 63.243378 | D26: =D10*D$14+D$15 -> 64.201899 | E26: =E10*E$14+E$15 -> 64.579233 | F26: =F10*F$14+F$15 -> 64.366597 | G26: =G10*G$14+G$15 -> 65.080222 | H26: =H10*H$14+H$15 -> 62.60787 | I26: =I10*I$14+I$15 -> 62.615176 | ... S26: =S10*S$14+S$15 -> 62.81269
A27: 80 | B27: =B11*B$14+B$15 -> 79.688682 | C27: =C11*C$14+C$15 -> 80.329271 | D27: =D11*D$14+D$15 -> 78.738865 | E27: =E11*E$14+E$15 -> 78.228742 | F27: =F11*F$14+F$15 -> 78.270489 | G27: =G11*G$14+G$15 -> 77.736863 | H27: =H11*H$14+H$15 -> 80.144179 | I27: =I11*I$14+I$15 -> 79.63609 | ... S27: =S11*S$14+S$15 -> 79.000447
A28: 100 | B28: =B12*B$14+B$15 -> 94.365469 | C28: =C12*C$14+C$15 -> 93.104725 | D28: =D12*D$14+D$15 -> 91.060638 | E28: =E12*E$14+E$15 -> 89.253087 | F28: =F12*F$14+F$15 -> 90.165342 | G28: =G12*G$14+G$15 -> 87.530147 | H28: =H12*H$14+H$15 -> 95.181644 | I28: =I12*I$14+I$15 -> 93.584967 | ... S28: =S12*S$14+S$15 -> 90.247619
A30: 0 | B30: =ABS(B18-$A18) -> 2.0477205 | C30: =ABS(C18-$A18) -> 3.3781509 | D30: =ABS(D18-$A18) -> 5.8546029 | E30: =ABS(E18-$A18) -> 7.6899069 | F30: =ABS(F18-$A18) -> 6.2324452 | G30: =ABS(G18-$A18) -> 8.605795 | H30: =ABS(H18-$A18) -> 1.7134698 | I30: =ABS(I18-$A18) -> 4.8484613 | ... S30: =ABS(S18-$A18) -> 7.6940896
A31: 4 | B31: =ABS(B19-$A19) -> 3.0788828 | C31: =ABS(C19-$A19) -> 2.9022969 | D31: =ABS(D19-$A19) -> 3.5716412 | E31: =ABS(E19-$A19) -> 3.9919999 | F31: =ABS(F19-$A19) -> 4.741732 | G31: =ABS(G19-$A19) -> 4.5465937 | H31: =ABS(H19-$A19) -> 2.1981117 | I31: =ABS(I19-$A19) -> 3.260466 | ... S31: =ABS(S19-$A19) -> 4.0987424
A32: 8 | B32: =ABS(B20-$A20) -> 2.0944964 | C32: =ABS(C20-$A20) -> 2.7735821 | D32: =ABS(D20-$A20) -> 1.9647782 | E32: =ABS(E20-$A20) -> 1.8616786 | F32: =ABS(F20-$A20) -> 2.5245142 | G32: =ABS(G20-$A20) -> 2.0866487 | H32: =ABS(H20-$A20) -> 2.3650544 | I32: =ABS(I20-$A20) -> 1.8233823 | ... S32: =ABS(S20-$A20) -> 1.7190612
A33: 12 | B33: =ABS(B21-$A21) -> 0.80139045 | C33: =ABS(C21-$A21) -> 0.37355947 | D33: =ABS(D21-$A21) -> 0.017454066 | E33: =ABS(E21-$A21) -> 0.52193498 | F33: =ABS(F21-$A21) -> 0.16232319 | G33: =ABS(G21-$A21) -> 1.0485542 | H33: =ABS(H21-$A21) -> 0.51469066 | I33: =ABS(I21-$A21) -> 0.4029572 | ... S33: =ABS(S21-$A21) -> 1.1189815
A34: 16 | B34: =ABS(B22-$A22) -> 1.0896511 | C34: =ABS(C22-$A22) -> 1.5414615 | D34: =ABS(D22-$A22) -> 1.8223009 | E34: =ABS(E22-$A22) -> 2.76519 | F34: =ABS(F22-$A22) -> 2.7569774 | G34: =ABS(G22-$A22) -> 3.5102474 | H34: =ABS(H22-$A22) -> 1.1256229 | I34: =ABS(I22-$A22) -> 2.0296979 | ... S34: =ABS(S22-$A22) -> 2.8490584
A35: 20 | B35: =ABS(B23-$A23) -> 2.1986018 | C35: =ABS(C23-$A23) -> 2.7756819 | D35: =ABS(D23-$A23) -> 3.2202614 | E35: =ABS(E23-$A23) -> 4.1680835 | F35: =ABS(F23-$A23) -> 4.4761578 | G35: =ABS(G23-$A23) -> 4.6581005 | H35: =ABS(H23-$A23) -> 1.1247519 | I35: =ABS(I23-$A23) -> 2.6760363 | ... S35: =ABS(S23-$A23) -> 3.8012492
A36: 30 | B36: =ABS(B24-$A24) -> 2.7296744 | C36: =ABS(C24-$A24) -> 4.2115382 | D36: =ABS(D24-$A24) -> 5.6062498 | E36: =ABS(E24-$A24) -> 6.4836752 | F36: =ABS(F24-$A24) -> 7.1775059 | G36: =ABS(G24-$A24) -> 7.4574554 | H36: =ABS(H24-$A24) -> 2.6071643 | I36: =ABS(I24-$A24) -> 4.6455372 | ... S36: =ABS(S24-$A24) -> 6.6208447
A37: 40 | B37: =ABS(B25-$A25) -> 4.469325 | C37: =ABS(C25-$A25) -> 4.2215336 | D37: =ABS(D25-$A25) -> 6.7582621 | E37: =ABS(E25-$A25) -> 7.5436392 | F37: =ABS(F25-$A25) -> 6.123299 | G37: =ABS(G25-$A25) -> 8.2174478 | H37: =ABS(H25-$A25) -> 4.0000947 | I37: =ABS(I25-$A25) -> 4.3418481 | ... S37: =ABS(S25-$A25) -> 7.0610041
A38: 60 | B38: =ABS(B26-$A26) -> 3.4810866 | C38: =ABS(C26-$A26) -> 3.2433784 | D38: =ABS(D26-$A26) -> 4.201899 | E38: =ABS(E26-$A26) -> 4.5792331 | F38: =ABS(F26-$A26) -> 4.3665974 | G38: =ABS(G26-$A26) -> 5.0802221 | H38: =ABS(H26-$A26) -> 2.6078697 | I38: =ABS(I26-$A26) -> 2.6151759 | ... S38: =ABS(S26-$A26) -> 2.8126898
A39: 80 | B39: =ABS(B27-$A27) -> 0.31131779 | C39: =ABS(C27-$A27) -> 0.32927058 | D39: =ABS(D27-$A27) -> 1.2611347 | E39: =ABS(E27-$A27) -> 1.7712579 | F39: =ABS(F27-$A27) -> 1.7295111 | G39: =ABS(G27-$A27) -> 2.2631369 | H39: =ABS(H27-$A27) -> 0.14417892 | I39: =ABS(I27-$A27) -> 0.36391037 | ... S39: =ABS(S27-$A27) -> 0.99955349
A40: 100 | B40: =ABS(B28-$A28) -> 5.6345309 | C40: =ABS(C28-$A28) -> 6.8952749 | D40: =ABS(D28-$A28) -> 8.9393622 | E40: =ABS(E28-$A28) -> 10.746913 | F40: =ABS(F28-$A28) -> 9.8346582 | G40: =ABS(G28-$A28) -> 12.469853 | H40: =ABS(H28-$A28) -> 4.818356 | I40: =ABS(I28-$A28) -> 6.4150325 | ... S40: =ABS(S28-$A28) -> 9.7523811

Sheet 60 loading
A1: P | B1: 101R (Ohm) | C1: 102R (Ohm) | D1: 103R (Ohm) | E1: 104R (Ohm) | F1: 105R (Ohm) | G1: 106R (Ohm) | H1: 107R (Ohm) | I1: 108R (Ohm) | J1: 109R (Ohm) | K1: 110R (Ohm) | L1: 111R (Ohm) | M1: 112R (Ohm) | N1: 113R (Ohm) | O1: 114R (Ohm) | P1: 115R (Ohm) | Q1: 116R (Ohm) | R1: 117R (Ohm) | S1: 118R (Ohm)
A2: 0 | B2: 60.585297 | C2: 87.296597 | D2: 320.66872 | E2: 469.63923 | F2: 192.23793 | G2: 391.91631 | H2: 493.75646 | I2: 387.57295 | J2: 118.16404 | K2: 276.16098 | L2: 608.15338 | M2: 301.55396 | N2: 509.5507 | O2: 174.74027 | P2: 2.9914351 | Q2: 25.083769 | R2: 601.88498 | S2: 225.77877
A3: 4 | B3: 83.503874 | C3: 112.35723 | D3: 351.03533 | E3: 495.26703 | F3: 213.36663 | G3: 418.06474 | H3: 511.35093 | I3: 417.0076 | J3: 146.56708 | K3: 312.23852 | L3: 635.43286 | M3: 318.92616 | N3: 522.64282 | O3: 219.2805 | P3: 2.9925126 | Q3: 37.329052 | R3: 627.52843 | S3: 264.48674
A4: 8 | B4: 106.53643 | C4: 143.79347 | D4: 381.29268 | E4: 524.48575 | F4: 240.34901 | G4: 444.7557 | H4: 529.26496 | I4: 442.33484 | J4: 172.77907 | K4: 347.18493 | L4: 664.52967 | M4: 338.34643 | N4: 531.25741 | O4: 257.78406 | P4: 3.0387506 | Q4: 53.790575 | R4: 655.13439 | S4: 302.64849
A5: 12 | B5: 131.87673 | C5: 179.87211 | D5: 411.29504 | E5: 559.94276 | F5: 267.60645 | G5: 473.38332 | H5: 558.91662 | I5: 478.06475 | J5: 196.28422 | K5: 384.63765 | L5: 694.66887 | M5: 360.18416 | N5: 546.16035 | O5: 300.44701 | P5: 3.9049977 | Q5: 72.979323 | R5: 684.30837 | S5: 342.55736
A6: 16 | B6: 161.16332 | C6: 216.76042 | D6: 450.43844 | E6: 599.70437 | F6: 300.41095 | G6: 501.62406 | H6: 588.54593 | I6: 510.0622 | J6: 220.35775 | K6: 427.19439 | L6: 731.20312 | M6: 384.71876 | N6: 573.98113 | O6: 349.46785 | P6: 9.9247313 | Q6: 98.843364 | R6: 715.92455 | S6: 382.46693
A7: 20 | B7: 190.16184 | C7: 253.32873 | D7: 487.91881 | E7: 637.7547 | F7: 328.73951 | G7: 533.54467 | H7: 614.64385 | I7: 540.07456 | J7: 249.02206 | K7: 461.074 | L7: 761.37487 | M7: 404.32022 | N7: 598.65549 | O7: 394.57528 | P7: 14.677309 | Q7: 118.78864 | R7: 748.84001 | S7: 416.04257
A8: 30 | B8: 251.93636 | C8: 338.63287 | D8: 564.85854 | E8: 721.05535 | F8: 407.7705 | G8: 607.43004 | H8: 671.97014 | I8: 620.71385 | J8: 330.62024 | K8: 551.86535 | L8: 839.64467 | M8: 458.9019 | N8: 691.0042 | O8: 497.2903 | P8: 24.863588 | Q8: 170.27481 | R8: 833.9165 | S8: 509.16852
A9: 40 | B9: 321.98598 | C9: 410.84632 | D9: 634.66105 | E9: 799.11787 | F9: 469.62267 | G9: 661.57955 | H9: 745.83182 | I9: 694.27405 | J9: 407.27209 | K9: 619.49016 | L9: 899.33341 | M9: 506.15514 | N9: 802.47469 | O9: 585.84761 | P9: 52.912317 | Q9: 234.23111 | R9: 897.52951 | S9: 600.15287
A10: 60 | B10: 454.29967 | C10: 556.51257 | D10: 774.60767 | E10: 947.2756 | F10: 580.72623 | G10: 773.4128 | H10: 865.35052 | I10: 828.67376 | J10: 544.85724 | K10: 753.32077 | L10: 1005.019 | M10: 582.26087 | N10: 994.27704 | O10: 778.46613 | P10: 107.10221 | Q10: 384.65614 | R10: 1021.0569 | S10: 746.94819
B12: =SLOPE($A2:$A10,B2:B10) -> 0.15104601 | C12: =SLOPE($A2:$A10,C2:C10) -> 0.12482361 | D12: =SLOPE($A2:$A10,D2:D10) -> 0.13010697 | E12: =SLOPE($A2:$A10,E2:E10) -> 0.12244106 | F12: =SLOPE($A2:$A10,F2:F10) -> 0.14869971 | G12: =SLOPE($A2:$A10,G2:G10) -> 0.15358545 | H12: =SLOPE($A2:$A10,H2:H10) -> 0.1575258 | I12: =SLOPE($A2:$A10,I2:I10) -> 0.13368574 | ... S12: =SLOPE($A2:$A10,S2:S10) -> 0.11333796
B13: =INTERCEPT($A2:$A10,B2:B10) -> -8.4611728 | C13: =INTERCEPT($A2:$A10,C2:C10) -> -10.779939 | D13: =INTERCEPT($A2:$A10,D2:D10) -> -42.161012 | E13: =INTERCEPT($A2:$A10,E2:E10) -> -57.172842 | F13: =INTERCEPT($A2:$A10,F2:F10) -> -28.469172 | G13: =INTERCEPT($A2:$A10,G2:G10) -> -60.898591 | H13: =INTERCEPT($A2:$A10,H2:H10) -> -76.548429 | I13: =INTERCEPT($A2:$A10,I2:I10) -> -51.952284 | ... S13: =INTERCEPT($A2:$A10,S2:S10) -> -26.619916
B14: =MAX(B26:B36)/MAX($A:$A) -> 0.011499913 | C14: =MAX(C26:C36)/MAX($A:$A) -> 0.024823972 | D14: =MAX(D26:D36)/MAX($A:$A) -> 0.022985899 | E14: =MAX(E26:E36)/MAX($A:$A) -> 0.019790201 | F14: =MAX(F26:F36)/MAX($A:$A) -> 0.036103078 | G14: =MAX(G26:G36)/MAX($A:$A) -> 0.039897078 | H14: =MAX(H26:H36)/MAX($A:$A) -> 0.020515852 | I14: =MAX(I26:I36)/MAX($A:$A) -> 0.019506974 | ... S14: =MAX(S26:S36)/MAX($A:$A) -> 0.032705567
A16: 0 | B16: =B2*B$12+B$13 -> 0.68999479 | C16: =C2*C$12+C$13 -> 0.11673783 | D16: =D2*D$12+D$13 -> -0.43977596 | E16: =E2*E$12+E$13 -> 0.33028386 | F16: =F2*F$12+F$13 -> 0.11655341 | G16: =G2*G$12+G$13 -> -0.7059481 | H16: =H2*H$12+H$13 -> 1.2309511 | I16: =I2*I$12+I$13 -> -0.13930702 | ... S16: =S2*S$12+S$13 -> -1.0306107
A17: 4 | B17: =B3*B$12+B$13 -> 4.1517545 | C17: =C3*C$12+C$13 -> 3.2448959 | D17: =D3*D$12+D$13 -> 3.5111315 | E17: =E3*E$12+E$13 -> 3.4681784 | F17: =F3*F$12+F$13 -> 3.2583856 | G17: =G3*G$12+G$13 -> 3.3100709 | H17: =H3*H$12+H$13 -> 4.002534 | I17: =I3*I$12+I$13 -> 3.7956859 | ... S17: =S3*S$12+S$13 -> 3.3564709
A18: 8 | B18: =B4*B$12+B$13 -> 7.6307306 | C18: =C4*C$12+C$13 -> 7.1688814 | D18: =D4*D$12+D$13 -> 7.447824 | E18: =E4*E$12+E$13 -> 7.0457495 | F18: =F4*F$12+F$13 -> 7.2706573 | G18: =G4*G$12+G$13 -> 7.4094134 | H18: =H4*H$12+H$13 -> 6.8244562 | I18: =I4*I$12+I$13 -> 7.1815762 | ... S18: =S4*S$12+S$13 -> 7.6816454
A19: 12 | B19: =B5*B$12+B$13 -> 11.458282 | C19: =C5*C$12+C$13 -> 11.672348 | D19: =D5*D$12+D$13 -> 11.35134 | E19: =E5*E$12+E$13 -> 11.387144 | F19: =F5*F$12+F$13 -> 11.323831 | G19: =G5*G$12+G$13 -> 11.8062 | H19: =H5*H$12+H$13 -> 11.495357 | I19: =I5*I$12+I$13 -> 11.958156 | ... S19: =S5*S$12+S$13 -> 12.204836
A20: 16 | B20: =B6*B$12+B$13 -> 15.881905 | C20: =C6*C$12+C$13 -> 16.276879 | D20: =D6*D$12+D$13 -> 16.444169 | E20: =E6*E$12+E$13 -> 16.255597 | F20: =F6*F$12+F$13 -> 16.201851 | G20: =G6*G$12+G$13 -> 16.143567 | H20: =H6*H$12+H$13 -> 16.162738 | I20: =I6*I$12+I$13 -> 16.235759 | ... S20: =S6*S$12+S$13 -> 16.728105
A21: 20 | B21: =B7*B$12+B$13 -> 20.262016 | C21: =C7*C$12+C$13 -> 20.841468 | D21: =D7*D$12+D$13 -> 21.320627 | E21: =E7*E$12+E$13 -> 20.91452 | F21: =F7*F$12+F$13 -> 20.4143 | G21: =G7*G$12+G$13 -> 21.046107 | H21: =H7*H$12+H$13 -> 20.273834 | I21: =I7*I$12+I$13 -> 20.247984 | ... S21: =S7*S$12+S$13 -> 20.533499
A22: 30 | B22: =B8*B$12+B$13 -> 29.59281 | C22: =C8*C$12+C$13 -> 31.489438 | D22: =D8*D$12+D$13 -> 31.331022 | E22: =E8*E$12+E$13 -> 31.11394 | F22: =F8*F$12+F$13 -> 32.166185 | G22: =G8*G$12+G$13 -> 32.393825 | H22: =H8*H$12+H$13 -> 29.304203 | I22: =I8*I$12+I$13 -> 31.028307 | ... S22: =S8*S$12+S$13 -> 31.088204
A23: 40 | B23: =B9*B$12+B$13 -> 40.173526 | C23: =C9*C$12+C$13 -> 40.503382 | D23: =D9*D$12+D$13 -> 40.412816 | E23: =E9*E$12+E$13 -> 40.671999 | F23: =F9*F$12+F$13 -> 41.363585 | G23: =G9*G$12+G$13 -> 40.710403 | H23: =H9*H$12+H$13 -> 40.939324 | I23: =I9*I$12+I$13 -> 40.862256 | ... S23: =S9*S$12+S$13 -> 41.400184
A24: 60 | B24: =B10*B$12+B$13 -> 60.158981 | C24: =C10*C$12+C$13 -> 58.68597 | D24: =D10*D$12+D$13 -> 58.620846 | E24: =E10*E$12+E$13 -> 58.812588 | F24: =F10*F$12+F$13 -> 57.884652 | G24: =G10*G$12+G$13 -> 57.886363 | H24: =H10*H$12+H$13 -> 59.766603 | I24: =I10*I$12+I$13 -> 58.829582 | ... S24: =S10*S$12+S$13 -> 58.037666
A26: 0 | B26: =ABS(B16-$A16) -> 0.68999479 | C26: =ABS(C16-$A16) -> 0.11673783 | D26: =ABS(D16-$A16) -> 0.43977596 | E26: =ABS(E16-$A16) -> 0.33028386 | F26: =ABS(F16-$A16) -> 0.11655341 | G26: =ABS(G16-$A16) -> 0.7059481 | H26: =ABS(H16-$A16) -> 1.2309511 | I26: =ABS(I16-$A16) -> 0.13930702 | ... S26: =ABS(S16-$A16) -> 1.0306107
A27: 4 | B27: =ABS(B17-$A17) -> 0.15175454 | C27: =ABS(C17-$A17) -> 0.75510408 | D27: =ABS(D17-$A17) -> 0.48886854 | E27: =ABS(E17-$A17) -> 0.53182157 | F27: =ABS(F17-$A17) -> 0.7416144 | G27: =ABS(G17-$A17) -> 0.68992911 | H27: =ABS(H17-$A17) -> 0.0025340417 | I27: =ABS(I17-$A17) -> 0.20431411 | ... S27: =ABS(S17-$A17) -> 0.64352914
A28: 8 | B28: =ABS(B18-$A18) -> 0.36926943 | C28: =ABS(C18-$A18) -> 0.8311186 | D28: =ABS(D18-$A18) -> 0.55217597 | E28: =ABS(E18-$A18) -> 0.9542505 | F28: =ABS(F18-$A18) -> 0.72934268 | G28: =ABS(G18-$A18) -> 0.59058662 | H28: =ABS(H18-$A18) -> 1.1755438 | I28: =ABS(I18-$A18) -> 0.8184238 | ... S28: =ABS(S18-$A18) -> 0.31835455
A29: 12 | B29: =ABS(B19-$A19) -> 0.54171844 | C29: =ABS(C19-$A19) -> 0.32765233 | D29: =ABS(D19-$A19) -> 0.6486595 | E29: =ABS(E19-$A19) -> 0.61285583 | F29: =ABS(F19-$A19) -> 0.67616912 | G29: =ABS(G19-$A19) -> 0.19379995 | H29: =ABS(H19-$A19) -> 0.50464283 | I29: =ABS(I19-$A19) -> 0.041843504 | ... S29: =ABS(S19-$A19) -> 0.204836
A30: 16 | B30: =ABS(B20-$A20) -> 0.11809502 | C30: =ABS(C20-$A20) -> 0.27687926 | D30: =ABS(D20-$A20) -> 0.44416948 | E30: =ABS(E20-$A20) -> 0.25559737 | F30: =ABS(F20-$A20) -> 0.2018506 | G30: =ABS(G20-$A20) -> 0.14356661 | H30: =ABS(H20-$A20) -> 0.16273769 | I30: =ABS(I20-$A20) -> 0.23575936 | ... S30: =ABS(S20-$A20) -> 0.72810517
A31: 20 | B31: =ABS(B21-$A21) -> 0.26201591 | C31: =ABS(C21-$A21) -> 0.84146761 | D31: =ABS(D21-$A21) -> 1.3206266 | E31: =ABS(E21-$A21) -> 0.91451995 | F31: =ABS(F21-$A21) -> 0.41429981 | G31: =ABS(G21-$A21) -> 1.0461073 | H31: =ABS(H21-$A21) -> 0.27383361 | I31: =ABS(I21-$A21) -> 0.24798416 | ... S31: =ABS(S21-$A21) -> 0.53349891
A32: 30 | B32: =ABS(B22-$A22) -> 0.40718975 | C32: =ABS(C22-$A22) -> 1.4894383 | D32: =ABS(D22-$A22) -> 1.3310222 | E32: =ABS(E22-$A22) -> 1.1139402 | F32: =ABS(F22-$A22) -> 2.1661847 | G32: =ABS(G22-$A22) -> 2.3938247 | H32: =ABS(H22-$A22) -> 0.69579685 | I32: =ABS(I22-$A22) -> 1.0283071 | ... S32: =ABS(S22-$A22) -> 1.0882044
A33: 40 | B33: =ABS(B23-$A23) -> 0.17352607 | C33: =ABS(C23-$A23) -> 0.50338232 | D33: =ABS(D23-$A23) -> 0.41281572 | E33: =ABS(E23-$A23) -> 0.67199859 | F33: =ABS(F23-$A23) -> 1.3635853 | G33: =ABS(G23-$A23) -> 0.71040265 | H33: =ABS(H23-$A23) -> 0.93932414 | I33: =ABS(I23-$A23) -> 0.86225628 | ... S33: =ABS(S23-$A23) -> 1.400184
A34: 60 | B34: =ABS(B24-$A24) -> 0.15898135 | C34: =ABS(C24-$A24) -> 1.3140303 | D34: =ABS(D24-$A24) -> 1.3791539 | E34: =ABS(E24-$A24) -> 1.187412 | F34: =ABS(F24-$A24) -> 2.1153476 | G34: =ABS(G24-$A24) -> 2.1136375 | H34: =ABS(H24-$A24) -> 0.23339712 | I34: =ABS(I24-$A24) -> 1.1704184 | ... S34: =ABS(S24-$A24) -> 1.962334

Sheet 60 unloading
A1: P | B1: 101R (Ohm) | C1: 102R (Ohm) | D1: 103R (Ohm) | E1: 104R (Ohm) | F1: 105R (Ohm) | G1: 106R (Ohm) | H1: 107R (Ohm) | I1: 108R (Ohm) | J1: 109R (Ohm) | K1: 110R (Ohm) | L1: 111R (Ohm) | M1: 112R (Ohm) | N1: 113R (Ohm) | O1: 114R (Ohm) | P1: 115R (Ohm) | Q1: 116R (Ohm) | R1: 117R (Ohm) | S1: 118R (Ohm)
A2: 0 | B2: 22.082764 | C2: 67.468858 | D2: 295.53842 | E2: 475.52198 | F2: 159.08357 | G2: 386.34296 | H2: 475.77762 | I2: 373.71094 | J2: 90.079412 | K2: 261.19582 | L2: 607.38625 | M2: 299.28033 | N2: 499.14171 | O2: 135.13652 | P2: 2.9785117 | Q2: 21.461932 | R2: 601.88913 | S2: 202.77083
A3: 4 | B3: 63.203335 | C3: 107.89056 | D3: 352.42051 | E3: 540.45481 | F3: 207.87083 | G3: 444.95484 | H3: 505.15883 | I3: 423.43429 | J3: 123.42301 | K3: 331.21934 | L3: 664.54026 | M3: 340.72388 | N3: 511.34335 | O3: 202.56069 | P3: 2.9778683 | Q3: 31.336907 | R3: 653.44379 | S3: 282.04722
A4: 8 | B4: 99.4202 | C4: 141.69058 | D4: 399.05218 | E4: 591.45915 | F4: 254.01762 | G4: 486.06863 | H4: 531.1363 | I4: 466.0021 | J4: 162.8923 | K4: 385.13455 | L4: 711.61952 | M4: 374.07134 | N4: 531.705 | O4: 264.66782 | P4: 3.6738307 | Q4: 53.516469 | R4: 696.58483 | S4: 342.63616
A5: 12 | B5: 134.78422 | C5: 196.18676 | D5: 441.10553 | E5: 639.4934 | F5: 295.56007 | G5: 524.20209 | H5: 568.94035 | I5: 516.04591 | J5: 197.13816 | K5: 439.8963 | L5: 759.06654 | M5: 405.17726 | N5: 548.82337 | O5: 338.7786 | P5: 9.4544741 | Q5: 78.53627 | R5: 741.60031 | S5: 403.4481
A6: 16 | B6: 175.041 | C6: 240.05943 | D6: 480.98071 | E6: 678.55163 | F6: 335.41666 | G6: 555.42787 | H6: 599.45493 | I6: 549.58443 | J6: 226.21373 | K6: 480.27256 | L6: 792.51468 | M6: 427.47554 | N6: 578.45124 | O6: 389.74795 | P6: 13.157129 | Q6: 102.90452 | R6: 774.59994 | S6: 443.01959
A7: 20 | B7: 216.22732 | C7: 288.9046 | D7: 522.76524 | E7: 716.03132 | F7: 379.12292 | G7: 591.09855 | H7: 634.92576 | I7: 590.22523 | J7: 273.90747 | K7: 529.87638 | L7: 827.79537 | M7: 452.59708 | N7: 613.12214 | O7: 444.93771 | P7: 15.736517 | Q7: 126.92069 | R7: 815.07512 | S7: 486.92633
A8: 30 | B8: 284.05702 | C8: 376.70674 | D8: 608.15437 | E8: 790.24353 | F8: 455.3714 | G8: 656.69411 | H8: 701.59891 | I8: 671.21947 | J8: 367.73985 | K8: 607.78545 | L8: 891.62407 | M8: 499.12412 | N8: 732.56115 | O8: 546.29634 | P8: 27.98046 | Q8: 184.93723 | R8: 886.25952 | S8: 586.88596
A9: 40 | B9: 361.25317 | C9: 440.6524 | D9: 677.84755 | E9: 852.45334 | F9: 507.02861 | G9: 704.14141 | H9: 768.81155 | I9: 730.61726 | J9: 442.60097 | K9: 663.71128 | L9: 936.40315 | M9: 533.19523 | N9: 852.45334 | O9: 644.49685 | P9: 59.624785 | Q9: 255.47965 | R9: 941.94445 | S9: 661.54673
A10: 60 | B10: 454.29967 | C10: 556.51257 | D10: 774.60767 | E10: 947.2756 | F10: 580.72623 | G10: 773.4128 | H10: 865.35052 | I10: 828.67376 | J10: 544.85724 | K10: 753.32077 | L10: 1005.019 | M10: 582.26087 | N10: 994.27704 | O10: 778.46613 | P10: 107.10221 | Q10: 384.65614 | R10: 1021.0569 | S10: 746.94819
B12: =SLOPE($A2:$A10,B2:B10) -> 0.13346781 | C12: =SLOPE($A2:$A10,C2:C10) -> 0.11664669 | D12: =SLOPE($A2:$A10,D2:D10) -> 0.12095216 | E12: =SLOPE($A2:$A10,E2:E10) -> 0.12408458 | F12: =SLOPE($A2:$A10,F2:F10) -> 0.13307397 | G12: =SLOPE($A2:$A10,G2:G10) -> 0.14915627 | H12: =SLOPE($A2:$A10,H2:H10) -> 0.14827718 | I12: =SLOPE($A2:$A10,I2:I10) -> 0.12723891 | ... S12: =SLOPE($A2:$A10,S2:S10) -> 0.10468952
B13: =INTERCEPT($A2:$A10,B2:B10) -> -5.7362155 | C13: =INTERCEPT($A2:$A10,C2:C10) -> -10.202983 | D13: =INTERCEPT($A2:$A10,D2:D10) -> -40.07015 | E13: =INTERCEPT($A2:$A10,E2:E10) -> -64.803461 | F13: =INTERCEPT($A2:$A10,F2:F10) -> -25.822569 | G13: =INTERCEPT($A2:$A10,G2:G10) -> -63.781067 | H13: =INTERCEPT($A2:$A10,H2:H10) -> -71.993029 | I13: =INTERCEPT($A2:$A10,I2:I10) -> -51.690942 | ... S13: =INTERCEPT($A2:$A10,S2:S10) -> -27.234848
B14: =MAX(B26:B36)/MAX($A:$A) -> 0.085030585 | C14: =MAX(C26:C36)/MAX($A:$A) -> 0.088127265 | D14: =MAX(D26:D36)/MAX($A:$A) -> 0.10632797 | E14: =MAX(E26:E36)/MAX($A:$A) -> 0.12101948 | F14: =MAX(F26:F36)/MAX($A:$A) -> 0.14238373 | G14: =MAX(G26:G36)/MAX($A:$A) -> 0.14036167 | H14: =MAX(H26:H36)/MAX($A:$A) -> 0.06135497 | I14: =MAX(I26:I36)/MAX($A:$A) -> 0.10418992 | ... S14: =MAX(S26:S36)/MAX($A:$A) -> 0.15062
A16: 0 | B16: =B2*B$12+B$13 -> -2.7888774 | C16: =C2*C$12+C$13 -> -2.3329645 | D16: =D2*D$12+D$13 -> -4.3241393 | E16: =E2*E$12+E$13 -> -5.7985179 | F16: =F2*F$12+F$13 -> -4.6526868 | G16: =G2*G$12+G$13 -> -6.1555937 | H16: =H2*H$12+H$13 -> -1.4460681 | I16: =I2*I$12+I$13 -> -4.1403691 | ... S16: =S2*S$12+S$13 -> -6.0068672
A17: 4 | B17: =B3*B$12+B$13 -> 2.6993951 | C17: =C3*C$12+C$13 -> 2.3820928 | D17: =D3*D$12+D$13 -> 2.5558724 | E17: =E3*E$12+E$13 -> 2.2586454 | F17: =F3*F$12+F$13 -> 1.8396278 | G17: =G3*G$12+G$13 -> 2.5867365 | H17: =H3*H$12+H$13 -> 2.9104943 | I17: =I3*I$12+I$13 -> 2.1863762 | ... S17: =S3*S$12+S$13 -> 2.2925401
A18: 8 | B18: =B4*B$12+B$13 -> 7.5331806 | C18: =C4*C$12+C$13 -> 6.3247529 | D18: =D4*D$12+D$13 -> 8.1960737 | E18: =E4*E$12+E$13 -> 8.5874976 | F18: =F4*F$12+F$13 -> 7.9805642 | G18: =G4*G$12+G$13 -> 8.7191154 | H18: =H4*H$12+H$13 -> 6.7623602 | I18: =I4*I$12+I$13 -> 7.6026581 | ... S18: =S4*S$12+S$13 -> 8.6355678
A19: 12 | B19: =B5*B$12+B$13 -> 12.253139 | C19: =C5*C$12+C$13 -> 12.681552 | D19: =D5*D$12+D$13 -> 13.282517 | E19: =E5*E$12+E$13 -> 14.547806 | F19: =F5*F$12+F$13 -> 13.508783 | G19: =G5*G$12+G$13 -> 14.40696 | H19: =H5*H$12+H$13 -> 12.367838 | I19: =I5*I$12+I$13 -> 13.970178 | ... S19: =S5*S$12+S$13 -> 15.00194
A20: 16 | B20: =B6*B$12+B$13 -> 17.626122 | C20: =C6*C$12+C$13 -> 17.799154 | D20: =D6*D$12+D$13 -> 18.105506 | E20: =E6*E$12+E$13 -> 19.394331 | F20: =F6*F$12+F$13 -> 18.812658 | G20: =G6*G$12+G$13 -> 19.064481 | H20: =H6*H$12+H$13 -> 16.892454 | I20: =I6*I$12+I$13 -> 18.237582 | ... S20: =S6*S$12+S$13 -> 19.144661
A21: 20 | B21: =B7*B$12+B$13 -> 23.123171 | C21: =C7*C$12+C$13 -> 23.496781 | D21: =D7*D$12+D$13 -> 23.159436 | E21: =E7*E$12+E$13 -> 24.044982 | F21: =F7*F$12+F$13 -> 24.628824 | G21: =G7*G$12+G$13 -> 24.384987 | H21: =H7*H$12+H$13 -> 22.151969 | I21: =I7*I$12+I$13 -> 23.408674 | ... S21: =S7*S$12+S$13 -> 23.741236
A22: 30 | B22: =B8*B$12+B$13 -> 32.176252 | C22: =C8*C$12+C$13 -> 33.73861 | D22: =D8*D$12+D$13 -> 33.487435 | E22: =E8*E$12+E$13 -> 33.253573 | F22: =F8*F$12+F$13 -> 34.775512 | G22: =G8*G$12+G$13 -> 34.168976 | H22: =H8*H$12+H$13 -> 32.038075 | I22: =I8*I$12+I$13 -> 33.714293 | ... S22: =S8*S$12+S$13 -> 34.205962
A23: 40 | B23: =B9*B$12+B$13 -> 42.479453 | C23: =C9*C$12+C$13 -> 41.197659 | D23: =D9*D$12+D$13 -> 41.916976 | E23: =E9*E$12+E$13 -> 40.972852 | F23: =F9*F$12+F$13 -> 41.649742 | G23: =G9*G$12+G$13 -> 41.246038 | H23: =H9*H$12+H$13 -> 42.004175 | I23: =I9*I$12+I$13 -> 41.272002 | ... S23: =S9*S$12+S$13 -> 42.022161
A24: 60 | B24: =B10*B$12+B$13 -> 54.898165 | C24: =C10*C$12+C$13 -> 54.712364 | D24: =D10*D$12+D$13 -> 53.620322 | E24: =E10*E$12+E$13 -> 52.738831 | F24: =F10*F$12+F$13 -> 51.456976 | G24: =G10*G$12+G$13 -> 51.5783 | H24: =H10*H$12+H$13 -> 56.318702 | I24: =I10*I$12+I$13 -> 53.748605 | ... S24: =S10*S$12+S$13 -> 50.9628
A26: 0 | B26: =ABS(B16-$A16) -> 2.7888774 | C26: =ABS(C16-$A16) -> 2.3329645 | D26: =ABS(D16-$A16) -> 4.3241393 | E26: =ABS(E16-$A16) -> 5.7985179 | F26: =ABS(F16-$A16) -> 4.6526868 | G26: =ABS(G16-$A16) -> 6.1555937 | H26: =ABS(H16-$A16) -> 1.4460681 | I26: =ABS(I16-$A16) -> 4.1403691 | ... S26: =ABS(S16-$A16) -> 6.0068672
A27: 4 | B27: =ABS(B17-$A17) -> 1.3006049 | C27: =ABS(C17-$A17) -> 1.6179072 | D27: =ABS(D17-$A17) -> 1.4441276 | E27: =ABS(E17-$A17) -> 1.7413546 | F27: =ABS(F17-$A17) -> 2.1603722 | G27: =ABS(G17-$A17) -> 1.4132635 | H27: =ABS(H17-$A17) -> 1.0895057 | I27: =ABS(I17-$A17) -> 1.8136238 | ... S27: =ABS(S17-$A17) -> 1.7074599
A28: 8 | B28: =ABS(B18-$A18) -> 0.46681945 | C28: =ABS(C18-$A18) -> 1.6752471 | D28: =ABS(D18-$A18) -> 0.1960737 | E28: =ABS(E18-$A18) -> 0.58749758 | F28: =ABS(F18-$A18) -> 0.019435759 | G28: =ABS(G18-$A18) -> 0.71911543 | H28: =ABS(H18-$A18) -> 1.2376398 | I28: =ABS(I18-$A18) -> 0.3973419 | ... S28: =ABS(S18-$A18) -> 0.6355678
A29: 12 | B29: =ABS(B19-$A19) -> 0.2531385 | C29: =ABS(C19-$A19) -> 0.68155181 | D29: =ABS(D19-$A19) -> 1.2825173 | E29: =ABS(E19-$A19) -> 2.5478065 | F29: =ABS(F19-$A19) -> 1.5087831 | G29: =ABS(G19-$A19) -> 2.4069601 | H29: =ABS(H19-$A19) -> 0.36783827 | I29: =ABS(I19-$A19) -> 1.9701777 | ... S29: =ABS(S19-$A19) -> 3.0019398
A30: 16 | B30: =ABS(B20-$A20) -> 1.6261225 | C30: =ABS(C20-$A20) -> 1.7991539 | D30: =ABS(D20-$A20) -> 2.1055064 | E30: =ABS(E20-$A20) -> 3.394331 | F30: =ABS(F20-$A20) -> 2.8126583 | G30: =ABS(G20-$A20) -> 3.0644812 | H30: =ABS(H20-$A20) -> 0.89245404 | I30: =ABS(I20-$A20) -> 2.2375824 | ... S30: =ABS(S20-$A20) -> 3.1446606
A31: 20 | B31: =ABS(B21-$A21) -> 3.123171 | C31: =ABS(C21-$A21) -> 3.4967807 | D31: =ABS(D21-$A21) -> 3.1594362 | E31: =ABS(E21-$A21) -> 4.0449819 | F31: =ABS(F21-$A21) -> 4.6288236 | G31: =ABS(G21-$A21) -> 4.384987 | H31: =ABS(H21-$A21) -> 2.1519691 | I31: =ABS(I21-$A21) -> 3.4086741 | ... S31: =ABS(S21-$A21) -> 3.7412358
A32: 30 | B32: =ABS(B22-$A22) -> 2.1762519 | C32: =ABS(C22-$A22) -> 3.7386095 | D32: =ABS(D22-$A22) -> 3.4874354 | E32: =ABS(E22-$A22) -> 3.2535727 | F32: =ABS(F22-$A22) -> 4.775512 | G32: =ABS(G22-$A22) -> 4.1689758 | H32: =ABS(H22-$A22) -> 2.0380749 | I32: =ABS(I22-$A22) -> 3.7142931 | ... S32: =ABS(S22-$A22) -> 4.2059617
A33: 40 | B33: =ABS(B23-$A23) -> 2.479453 | C33: =ABS(C23-$A23) -> 1.1976588 | D33: =ABS(D23-$A23) -> 1.9169761 | E33: =ABS(E23-$A23) -> 0.97285161 | F33: =ABS(F23-$A23) -> 1.6497418 | G33: =ABS(G23-$A23) -> 1.2460378 | H33: =ABS(H23-$A23) -> 2.0041754 | I33: =ABS(I23-$A23) -> 1.2720025 | ... S33: =ABS(S23-$A23) -> 2.0221615
A34: 60 | B34: =ABS(B24-$A24) -> 5.1018351 | C34: =ABS(C24-$A24) -> 5.2876359 | D34: =ABS(D24-$A24) -> 6.3796782 | E34: =ABS(E24-$A24) -> 7.2611687 | F34: =ABS(F24-$A24) -> 8.5430241 | G34: =ABS(G24-$A24) -> 8.4217 | H34: =ABS(H24-$A24) -> 3.6812982 | I34: =ABS(I24-$A24) -> 6.2513949 | ... S34: =ABS(S24-$A24) -> 9.0372002

Sheet 60 both
A1: P | B1: 101R (Ohm) | C1: 102R (Ohm) | D1: 103R (Ohm) | E1: 104R (Ohm) | F1: 105R (Ohm) | G1: 106R (Ohm) | H1: 107R (Ohm) | I1: 108R (Ohm) | J1: 109R (Ohm) | K1: 110R (Ohm) | L1: 111R (Ohm) | M1: 112R (Ohm) | N1: 113R (Ohm) | O1: 114R (Ohm) | P1: 115R (Ohm) | Q1: 116R (Ohm) | R1: 117R (Ohm) | S1: 118R (Ohm)
A2: =AVERAGE('60 loading'!A2,'60 unloading'!A2) -> 0 | B2: =AVERAGE('60 loading'!B2,'60 unloading'!B2) -> 41.33403 | C2: =AVERAGE('60 loading'!C2,'60 unloading'!C2) -> 77.382727 | D2: =AVERAGE('60 loading'!D2,'60 unloading'!D2) -> 308.10357 | E2: =AVERAGE('60 loading'!E2,'60 unloading'!E2) -> 472.5806 | F2: =AVERAGE('60 loading'!F2,'60 unloading'!F2) -> 175.66075 | G2: =AVERAGE('60 loading'!G2,'60 unloading'!G2) -> 389.12963 | H2: =AVERAGE('60 loading'!H2,'60 unloading'!H2) -> 484.76704 | ... S2: =AVERAGE('60 loading'!S2,'60 unloading'!S2) -> 214.2748
A3: =AVERAGE('60 loading'!A3,'60 unloading'!A3) -> 4 | B3: =AVERAGE('60 loading'!B3,'60 unloading'!B3) -> 73.353605 | C3: =AVERAGE('60 loading'!C3,'60 unloading'!C3) -> 110.12389 | D3: =AVERAGE('60 loading'!D3,'60 unloading'!D3) -> 351.72792 | E3: =AVERAGE('60 loading'!E3,'60 unloading'!E3) -> 517.86092 | F3: =AVERAGE('60 loading'!F3,'60 unloading'!F3) -> 210.61873 | G3: =AVERAGE('60 loading'!G3,'60 unloading'!G3) -> 431.50979 | H3: =AVERAGE('60 loading'!H3,'60 unloading'!H3) -> 508.25488 | ... S3: =AVERAGE('60 loading'!S3,'60 unloading'!S3) -> 273.26698
A4: =AVERAGE('60 loading'!A4,'60 unloading'!A4) -> 8 | B4: =AVERAGE('60 loading'!B4,'60 unloading'!B4) -> 102.97832 | C4: =AVERAGE('60 loading'!C4,'60 unloading'!C4) -> 142.74202 | D4: =AVERAGE('60 loading'!D4,'60 unloading'!D4) -> 390.17243 | E4: =AVERAGE('60 loading'!E4,'60 unloading'!E4) -> 557.97245 | F4: =AVERAGE('60 loading'!F4,'60 unloading'!F4) -> 247.18331 | G4: =AVERAGE('60 loading'!G4,'60 unloading'!G4) -> 465.41216 | H4: =AVERAGE('60 loading'!H4,'60 unloading'!H4) -> 530.20063 | ... S4: =AVERAGE('60 loading'!S4,'60 unloading'!S4) -> 322.64232
A5: =AVERAGE('60 loading'!A5,'60 unloading'!A5) -> 12 | B5: =AVERAGE('60 loading'!B5,'60 unloading'!B5) -> 133.33047 | C5: =AVERAGE('60 loading'!C5,'60 unloading'!C5) -> 188.02943 | D5: =AVERAGE('60 loading'!D5,'60 unloading'!D5) -> 426.20029 | E5: =AVERAGE('60 loading'!E5,'60 unloading'!E5) -> 599.71808 | F5: =AVERAGE('60 loading'!F5,'60 unloading'!F5) -> 281.58326 | G5: =AVERAGE('60 loading'!G5,'60 unloading'!G5) -> 498.79271 | H5: =AVERAGE('60 loading'!H5,'60 unloading'!H5) -> 563.92848 | ... S5: =AVERAGE('60 loading'!S5,'60 unloading'!S5) -> 373.00273
A6: =AVERAGE('60 loading'!A6,'60 unloading'!A6) -> 16 | B6: =AVERAGE('60 loading'!B6,'60 unloading'!B6) -> 168.10216 | C6: =AVERAGE('60 loading'!C6,'60 unloading'!C6) -> 228.40992 | D6: =AVERAGE('60 loading'!D6,'60 unloading'!D6) -> 465.70957 | E6: =AVERAGE('60 loading'!E6,'60 unloading'!E6) -> 639.128 | F6: =AVERAGE('60 loading'!F6,'60 unloading'!F6) -> 317.91381 | G6: =AVERAGE('60 loading'!G6,'60 unloading'!G6) -> 528.52597 | H6: =AVERAGE('60 loading'!H6,'60 unloading'!H6) -> 594.00043 | ... S6: =AVERAGE('60 loading'!S6,'60 unloading'!S6) -> 412.74326
A7: =AVERAGE('60 loading'!A7,'60 unloading'!A7) -> 20 | B7: =AVERAGE('60 loading'!B7,'60 unloading'!B7) -> 203.19458 | C7: =AVERAGE('60 loading'!C7,'60 unloading'!C7) -> 271.11666 | D7: =AVERAGE('60 loading'!D7,'60 unloading'!D7) -> 505.34203 | E7: =AVERAGE('60 loading'!E7,'60 unloading'!E7) -> 676.89301 | F7: =AVERAGE('60 loading'!F7,'60 unloading'!F7) -> 353.93122 | G7: =AVERAGE('60 loading'!G7,'60 unloading'!G7) -> 562.32161 | H7: =AVERAGE('60 loading'!H7,'60 unloading'!H7) -> 624.78481 | ... S7: =AVERAGE('60 loading'!S7,'60 unloading'!S7) -> 451.48445
A8: =AVERAGE('60 loading'!A8,'60 unloading'!A8) -> 30 | B8: =AVERAGE('60 loading'!B8,'60 unloading'!B8) -> 267.99669 | C8: =AVERAGE('60 loading'!C8,'60 unloading'!C8) -> 357.6698 | D8: =AVERAGE('60 loading'!D8,'60 unloading'!D8) -> 586.50645 | E8: =AVERAGE('60 loading'!E8,'60 unloading'!E8) -> 755.64944 | F8: =AVERAGE('60 loading'!F8,'60 unloading'!F8) -> 431.57095 | G8: =AVERAGE('60 loading'!G8,'60 unloading'!G8) -> 632.06207 | H8: =AVERAGE('60 loading'!H8,'60 unloading'!H8) -> 686.78452 | ... S8: =AVERAGE('60 loading'!S8,'60 unloading'!S8) -> 548.02724
A9: =AVERAGE('60 loading'!A9,'60 unloading'!A9) -> 40 | B9: =AVERAGE('60 loading'!B9,'60 unloading'!B9) -> 341.61958 | C9: =AVERAGE('60 loading'!C9,'60 unloading'!C9) -> 425.74936 | D9: =AVERAGE('60 loading'!D9,'60 unloading'!D9) -> 656.2543 | E9: =AVERAGE('60 loading'!E9,'60 unloading'!E9) -> 825.78561 | F9: =AVERAGE('60 loading'!F9,'60 unloading'!F9) -> 488.32564 | G9: =AVERAGE('60 loading'!G9,'60 unloading'!G9) -> 682.86048 | H9: =AVERAGE('60 loading'!H9,'60 unloading'!H9) -> 757.32169 | ... S9: =AVERAGE('60 loading'!S9,'60 unloading'!S9) -> 630.8498
A10: =AVERAGE('60 loading'!A10,'60 unloading'!A10) -> 60 | B10: =AVERAGE('60 loading'!B10,'60 unloading'!B10) -> 454.29967 | C10: =AVERAGE('60 loading'!C10,'60 unloading'!C10) -> 556.51257 | D10: =AVERAGE('60 loading'!D10,'60 unloading'!D10) -> 774.60767 | E10: =AVERAGE('60 loading'!E10,'60 unloading'!E10) -> 947.2756 | F10: =AVERAGE('60 loading'!F10,'60 unloading'!F10) -> 580.72623 | G10: =AVERAGE('60 loading'!G10,'60 unloading'!G10) -> 773.4128 | H10: =AVERAGE('60 loading'!H10,'60 unloading'!H10) -> 865.35052 | ... S10: =AVERAGE('60 loading'!S10,'60 unloading'!S10) -> 746.94819
B12: =SLOPE($A2:$A10,B2:B10) -> 0.14250843 | C12: =SLOPE($A2:$A10,C2:C10) -> 0.12100075 | D12: =SLOPE($A2:$A10,D2:D10) -> 0.12599185 | E12: =SLOPE($A2:$A10,E2:E10) -> 0.12446605 | F12: =SLOPE($A2:$A10,F2:F10) -> 0.14171442 | G12: =SLOPE($A2:$A10,G2:G10) -> 0.15268545 | H12: =SLOPE($A2:$A10,H2:H10) -> 0.15319848 | I12: =SLOPE($A2:$A10,I2:I10) -> 0.13116909 | ... S12: =SLOPE($A2:$A10,S2:S10) -> 0.10990129
B13: =INTERCEPT($A2:$A10,B2:B10) -> -7.1722055 | C13: =INTERCEPT($A2:$A10,C2:C10) -> -10.587542 | D13: =INTERCEPT($A2:$A10,D2:D10) -> -41.389583 | E13: =INTERCEPT($A2:$A10,E2:E10) -> -61.767563 | F13: =INTERCEPT($A2:$A10,F2:F10) -> -27.505027 | G13: =INTERCEPT($A2:$A10,G2:G10) -> -63.103859 | H13: =INTERCEPT($A2:$A10,H2:H10) -> -74.474409 | I13: =INTERCEPT($A2:$A10,I2:I10) -> -52.258263 | ... S13: =INTERCEPT($A2:$A10,S2:S10) -> -27.407132
B14: =MAX(B26:B36)/MAX($A:$A) -> 0.040511238 | C14: =MAX(C26:C36)/MAX($A:$A) -> 0.054151701 | D14: =MAX(D26:D36)/MAX($A:$A) -> 0.063255552 | E14: =MAX(E26:E36)/MAX($A:$A) -> 0.064398528 | F14: =MAX(F26:F36)/MAX($A:$A) -> 0.086795772 | G14: =MAX(G26:G36)/MAX($A:$A) -> 0.083582957 | H14: =MAX(H26:H36)/MAX($A:$A) -> 0.031733713 | I14: =MAX(I26:I36)/MAX($A:$A) -> 0.059364609 | ... S14: =MAX(S26:S36)/MAX($A:$A) -> 0.088609335
A16: 0 | B16: =B2*B$12+B$13 -> -1.2817579 | C16: =C2*C$12+C$13 -> -1.2241737 | D16: =D2*D$12+D$13 -> -2.5710456 | E16: =E2*E$12+E$13 -> -2.9473225 | F16: =F2*F$12+F$13 -> -2.6113657 | G16: =G2*G$12+G$13 -> -3.689426 | H16: =H2*H$12+H$13 -> -0.20883454 | I16: =I2*I$12+I$13 -> -2.3298041 | ... S16: =S2*S$12+S$13 -> -3.8580544
A17: 4 | B17: =B3*B$12+B$13 -> 3.2813013 | C17: =C3*C$12+C$13 -> 2.7375317 | D17: =D3*D$12+D$13 -> 2.9252667 | E17: =E3*E$12+E$13 -> 2.6885394 | F17: =F3*F$12+F$13 -> 2.3426845 | G17: =G3*G$12+G$13 -> 2.7814078 | H17: =H3*H$12+H$13 -> 3.3894666 | I17: =I3*I$12+I$13 -> 2.8617376 | ... S17: =S3*S$12+S$13 -> 2.6252622
A18: 8 | B18: =B4*B$12+B$13 -> 7.5030723 | C18: =C4*C$12+C$13 -> 6.6843501 | D18: =D4*D$12+D$13 -> 7.7689616 | E18: =E4*E$12+E$13 -> 7.6810632 | F18: =F4*F$12+F$13 -> 7.5244132 | G18: =G4*G$12+G$13 -> 7.9578066 | H18: =H4*H$12+H$13 -> 6.7515224 | I18: =I4*I$12+I$13 -> 7.3146035 | ... S18: =S4*S$12+S$13 -> 8.0516767
A19: 12 | B19: =B5*B$12+B$13 -> 11.828511 | C19: =C5*C$12+C$13 -> 12.164161 | D19: =D5*D$12+D$13 -> 12.308178 | E19: =E5*E$12+E$13 -> 12.876977 | F19: =F5*F$12+F$13 -> 12.399381 | G19: =G5*G$12+G$13 -> 13.05453 | H19: =H5*H$12+H$13 -> 11.918578 | I19: =I5*I$12+I$13 -> 12.940034 | ... S19: =S5*S$12+S$13 -> 13.58635
A20: 16 | B20: =B6*B$12+B$13 -> 16.783769 | C20: =C6*C$12+C$13 -> 17.050231 | D20: =D6*D$12+D$13 -> 17.286026 | E20: =E6*E$12+E$13 -> 17.782174 | F20: =F6*F$12+F$13 -> 17.547944 | G20: =G6*G$12+G$13 -> 17.594366 | H20: =H6*H$12+H$13 -> 16.525555 | I20: =I6*I$12+I$13 -> 17.238181 | ... S20: =S6*S$12+S$13 -> 17.953886
A21: 20 | B21: =B7*B$12+B$13 -> 21.784735 | C21: =C7*C$12+C$13 -> 22.217778 | D21: =D7*D$12+D$13 -> 22.279392 | E21: =E7*E$12+E$13 -> 22.482635 | F21: =F7*F$12+F$13 -> 22.65213 | G21: =G7*G$12+G$13 -> 22.754469 | H21: =H7*H$12+H$13 -> 21.241675 | I21: =I7*I$12+I$13 -> 21.871937 | ... S21: =S7*S$12+S$13 -> 22.211593
A22: 30 | B22: =B8*B$12+B$13 -> 31.019581 | C22: =C8*C$12+C$13 -> 32.690773 | D22: =D8*D$12+D$13 -> 32.505448 | E22: =E8*E$12+E$13 -> 32.285137 | F22: =F8*F$12+F$13 -> 33.6548 | G22: =G8*G$12+G$13 -> 33.402823 | H22: =H8*H$12+H$13 -> 30.739937 | I22: =I8*I$12+I$13 -> 32.472599 | ... S22: =S8*S$12+S$13 -> 32.82177
A23: 40 | B23: =B9*B$12+B$13 -> 41.511463 | C23: =C9*C$12+C$13 -> 40.928451 | D23: =D9*D$12+D$13 -> 41.293108 | E23: =E9*E$12+E$13 -> 41.014709 | F23: =F9*F$12+F$13 -> 41.697758 | G23: =G9*G$12+G$13 -> 41.159001 | H23: =H9*H$12+H$13 -> 41.546123 | I23: =I9*I$12+I$13 -> 41.192588 | ... S23: =S9*S$12+S$13 -> 41.924076
A24: 60 | B24: =B10*B$12+B$13 -> 57.569326 | C24: =C10*C$12+C$13 -> 56.750898 | D24: =D10*D$12+D$13 -> 56.204667 | E24: =E10*E$12+E$13 -> 56.136088 | F24: =F10*F$12+F$13 -> 54.792254 | G24: =G10*G$12+G$13 -> 54.985023 | H24: =H10*H$12+H$13 -> 58.095977 | I24: =I10*I$12+I$13 -> 56.438123 | ... S24: =S10*S$12+S$13 -> 54.68344
A26: 0 | B26: =ABS(B16-$A16) -> 1.2817579 | C26: =ABS(C16-$A16) -> 1.2241737 | D26: =ABS(D16-$A16) -> 2.5710456 | E26: =ABS(E16-$A16) -> 2.9473225 | F26: =ABS(F16-$A16) -> 2.6113657 | G26: =ABS(G16-$A16) -> 3.689426 | H26: =ABS(H16-$A16) -> 0.20883454 | I26: =ABS(I16-$A16) -> 2.3298041 | ... S26: =ABS(S16-$A16) -> 3.8580544
A27: 4 | B27: =ABS(B17-$A17) -> 0.7186987 | C27: =ABS(C17-$A17) -> 1.2624683 | D27: =ABS(D17-$A17) -> 1.0747333 | E27: =ABS(E17-$A17) -> 1.3114606 | F27: =ABS(F17-$A17) -> 1.6573155 | G27: =ABS(G17-$A17) -> 1.2185922 | H27: =ABS(H17-$A17) -> 0.6105334 | I27: =ABS(I17-$A17) -> 1.1382624 | ... S27: =ABS(S17-$A17) -> 1.3747378
A28: 8 | B28: =ABS(B18-$A18) -> 0.49692772 | C28: =ABS(C18-$A18) -> 1.3156499 | D28: =ABS(D18-$A18) -> 0.23103837 | E28: =ABS(E18-$A18) -> 0.31893683 | F28: =ABS(F18-$A18) -> 0.4755868 | G28: =ABS(G18-$A18) -> 0.042193396 | H28: =ABS(H18-$A18) -> 1.2484776 | I28: =ABS(I18-$A18) -> 0.68539647 | ... S28: =ABS(S18-$A18) -> 0.051676667
A29: 12 | B29: =ABS(B19-$A19) -> 0.17148942 | C29: =ABS(C19-$A19) -> 0.16416099 | D29: =ABS(D19-$A19) -> 0.30817773 | E29: =ABS(E19-$A19) -> 0.87697681 | F29: =ABS(F19-$A19) -> 0.39938149 | G29: =ABS(G19-$A19) -> 1.0545298 | H29: =ABS(H19-$A19) -> 0.081421554 | I29: =ABS(I19-$A19) -> 0.94003435 | ... S29: =ABS(S19-$A19) -> 1.5863503
A30: 16 | B30: =ABS(B20-$A20) -> 0.78376897 | C30: =ABS(C20-$A20) -> 1.0502307 | D30: =ABS(D20-$A20) -> 1.2860259 | E30: =ABS(E20-$A20) -> 1.7821739 | F30: =ABS(F20-$A20) -> 1.5479439 | G30: =ABS(G20-$A20) -> 1.594366 | H30: =ABS(H20-$A20) -> 0.52555467 | I30: =ABS(I20-$A20) -> 1.2381812 | ... S30: =ABS(S20-$A20) -> 1.9538862
A31: 20 | B31: =ABS(B21-$A21) -> 1.784735 | C31: =ABS(C21-$A21) -> 2.2177781 | D31: =ABS(D21-$A21) -> 2.2793916 | E31: =ABS(E21-$A21) -> 2.482635 | F31: =ABS(F21-$A21) -> 2.6521303 | G31: =ABS(G21-$A21) -> 2.7544692 | H31: =ABS(H21-$A21) -> 1.2416746 | I31: =ABS(I21-$A21) -> 1.8719372 | ... S31: =ABS(S21-$A21) -> 2.2115925
A32: 30 | B32: =ABS(B22-$A22) -> 1.0195812 | C32: =ABS(C22-$A22) -> 2.6907732 | D32: =ABS(D22-$A22) -> 2.5054477 | E32: =ABS(E22-$A22) -> 2.2851369 | F32: =ABS(F22-$A22) -> 3.6548002 | G32: =ABS(G22-$A22) -> 3.4028231 | H32: =ABS(H22-$A22) -> 0.7399372 | I32: =ABS(I22-$A22) -> 2.4725989 | ... S32: =ABS(S22-$A22) -> 2.8217704
A33: 40 | B33: =ABS(B23-$A23) -> 1.5114629 | C33: =ABS(C23-$A23) -> 0.9284508 | D33: =ABS(D23-$A23) -> 1.2931076 | E33: =ABS(E23-$A23) -> 1.014709 | F33: =ABS(F23-$A23) -> 1.6977583 | G33: =ABS(G23-$A23) -> 1.1590009 | H33: =ABS(H23-$A23) -> 1.5461235 | I33: =ABS(I23-$A23) -> 1.1925878 | ... S33: =ABS(S23-$A23) -> 1.9240763
A34: 60 | B34: =ABS(B24-$A24) -> 2.4306743 | C34: =ABS(C24-$A24) -> 3.2491021 | D34: =ABS(D24-$A24) -> 3.7953331 | E34: =ABS(E24-$A24) -> 3.8639117 | F34: =ABS(F24-$A24) -> 5.2077463 | G34: =ABS(G24-$A24) -> 5.0149774 | H34: =ABS(H24-$A24) -> 1.9040228 | I34: =ABS(I24-$A24) -> 3.5618765 | ... S34: =ABS(S24-$A24) -> 5.3165601

Sheet 200 loading
A1: P | B1: 101R (Ohm) | C1: 102R (Ohm) | D1: 103R (Ohm) | E1: 104R (Ohm) | F1: 105R (Ohm) | G1: 106R (Ohm) | H1: 107R (Ohm) | I1: 108R (Ohm) | J1: 109R (Ohm) | K1: 110R (Ohm) | L1: 111R (Ohm) | M1: 112R (Ohm) | N1: 113R (Ohm) | O1: 114R (Ohm) | P1: 115R (Ohm) | Q1: 116R (Ohm) | R1: 117R (Ohm) | S1: 118R (Ohm)
A2: 0 | B2: 38.813073 | C2: 68.240074 | D2: 266.73671 | E2: 320.77307 | F2: 165.90262 | G2: 311.47166 | H2: 411.07757 | I2: 282.97249 | J2: 73.341727 | K2: 187.81345 | L2: 436.79936 | M2: 227.7937 | N2: 459.2898 | O2: 109.22548 | P2: 6.1878577 | Q2: 12.51388 | R2: 425.62281 | S2: 190.8945
A3: 4 | B3: 61.914788 | C3: 85.599779 | D3: 296.93198 | E3: 344.43449 | F3: 190.80414 | G3: 337.66007 | H3: 424.40837 | I3: 311.93214 | J3: 100.42739 | K3: 229.91291 | L3: 466.90248 | M3: 246.57476 | N3: 467.40745 | O3: 148.05906 | P3: 6.3505207 | Q3: 22.590182 | R3: 451.02665 | S3: 234.35226
A4: 8 | B4: 82.254606 | C4: 104.74823 | D4: 324.86082 | E4: 370.10364 | F4: 208.1521 | G4: 364.53446 | H4: 436.99043 | I4: 347.7639 | J4: 122.10864 | K4: 266.91223 | L4: 501.32404 | M4: 267.16071 | N4: 475.50399 | O4: 186.76605 | P4: 6.5153507 | Q4: 36.962731 | R4: 478.5292 | S4: 268.15486
A5: 12 | B5: 110.40115 | C5: 130.39049 | D5: 355.58967 | E5: 403.70111 | F5: 237.60606 | G5: 395.30564 | H5: 457.8875 | I5: 384.03762 | J5: 150.58276 | K5: 314.56283 | L5: 544.18843 | M5: 290.57787 | N5: 487.40679 | O5: 231.38422 | P5: 11.262469 | Q5: 60.706662 | R5: 514.60536 | S5: 312.46225
A6: 16 | B6: 135.26546 | C6: 165.86085 | D6: 388.00176 | E6: 438.23104 | F6: 261.4675 | G6: 427.19693 | H6: 477.39234 | I6: 416.51082 | J6: 176.30011 | K6: 356.71271 | L6: 584.1888 | M6: 311.87133 | N6: 504.03797 | O6: 271.677 | P6: 17.137688 | Q6: 82.936959 | R6: 547.37003 | S6: 348.94955
A7: 20 | B7: 161.32778 | C7: 198.29712 | D7: 423.7326 | E7: 471.31773 | F7: 284.39727 | G7: 454.79427 | H7: 499.73769 | I7: 450.05816 | J7: 203.12282 | K7: 396.31496 | L7: 624.46579 | M7: 331.87076 | N7: 532.90469 | O7: 312.38409 | P7: 21.640582 | Q7: 98.038216 | R7: 584.08193 | S7: 383.66857
A8: 30 | B8: 228.03394 | C8: 281.06572 | D8: 508.15363 | E8: 571.60438 | F8: 351.17594 | G8: 527.75371 | H8: 560.11939 | I8: 527.14386 | J8: 286.18249 | K8: 491.25579 | L8: 725.41689 | M8: 388.43517 | N8: 611.88461 | O8: 424.00049 | P8: 45.866118 | Q8: 147.8347 | R8: 678.08736 | S8: 468.69584
A9: 40 | B9: 290.63292 | C9: 354.04997 | D9: 573.77364 | E9: 661.73783 | F9: 418.85068 | G9: 592.12766 | H9: 622.80949 | I9: 600.8279 | J9: 364.75247 | K9: 565.75492 | L9: 798.96518 | M9: 435.48104 | N9: 710.84189 | O9: 515.74128 | P9: 75.603081 | Q9: 204.75632 | R9: 754.07561 | S9: 549.64272
A10: 60 | B10: 420.52519 | C10: 485.65649 | D10: 718.24448 | E10: 817.29767 | F10: 532.88665 | G10: 711.8356 | H10: 748.62951 | I10: 742.82916 | J10: 495.51127 | K10: 704.6845 | L10: 928.51959 | M10: 517.47137 | N10: 889.86147 | O10: 702.07694 | P10: 138.94697 | Q10: 339.92965 | R10: 902.79231 | S10: 700.20773
A11: 80 | B11: 545.98111 | C11: 627.82343 | D11: 842.12029 | E11: 955.64198 | F11: 647.93702 | G11: 815.0203 | H11: 861.40844 | I11: 890.8242 | J11: 625.60828 | K11: 834.26924 | L11: 1046.2686 | M11: 585.95247 | N11: 1013.1924 | O11: 858.23622 | P11: 189.15195 | Q11: 481.14342 | R11: 1022.7852 | S11: 848.68589
A12: 100 | B12: 669.31536 | C12: 750.9135 | D12: 952.34658 | E12: 1069.0037 | F12: 747.06016 | G12: 886.05514 | H12: 978.21519 | I12: 1022.2234 | J12: 744.5003 | K12: 950.76294 | L12: 1148.5498 | M12: 647.52951 | N12: 1128.151 | O12: 1004.6433 | P12: 223.2442 | Q12: 627.74801 | R12: 1134.3507 | S12: 984.1984
A13: 120 | B13: 784.05112 | C13: 874.88661 | D13: 1062.1752 | E13: 1183.2971 | F13: 855.69351 | G13: 981.74476 | H13: 1101.5277 | I13: 1152.749 | J13: 863.88001 | K13: 1063.544 | L13: 1248.3177 | M13: 717.27278 | N13: 1246.9506 | O13: 1142.6988 | P13: 254.97454 | Q13: 777.61585 | R13: 1239.9611 | S13: 1111.6903
... A15: 200 | B15: 1222.5316 | C15: 1288.5089 | D15: 1533.0196 | E15: 1538.004 | F15: 1230.7769 | G15: 1295.9785 | H15: 1538.1137 | I15: 1591.9724 | J15: 1333.2521 | K15: 1446.1516 | L15: 1558.1273 | M15: 941.15919 | N15: 1629.4741 | O15: 1669.4968 | P15: 412.77887 | Q15: 1351.5978 | R15: 1596.1516 | S15: 1571.9581
B18: =SLOPE($A2:$A15,B2:B15) -> 0.16473314 | C18: =SLOPE($A2:$A15,C2:C15) -> 0.15632647 | D18: =SLOPE($A2:$A15,D2:D15) -> 0.15676126 | E18: =SLOPE($A2:$A15,E2:E15) -> 0.15229627 | F18: =SLOPE($A2:$A15,F2:F15) -> 0.18274883 | G18: =SLOPE($A2:$A15,G2:G15) -> 0.19609322 | H18: =SLOPE($A2:$A15,H2:H15) -> 0.1726062 | I18: =SLOPE($A2:$A15,I2:I15) -> 0.14795097 | ... S18: =SLOPE($A2:$A15,S2:S15) -> 0.14153637
B19: =INTERCEPT($A2:$A15,B2:B15) -> -7.2542966 | C19: =INTERCEPT($A2:$A15,C2:C15) -> -12.040371 | D19: =INTERCEPT($A2:$A15,D2:D15) -> -46.152112 | E19: =INTERCEPT($A2:$A15,E2:E15) -> -53.869275 | F19: =INTERCEPT($A2:$A15,F2:F15) -> -33.128381 | G19: =INTERCEPT($A2:$A15,G2:G15) -> -68.877311 | H19: =INTERCEPT($A2:$A15,H2:H15) -> -68.080442 | I19: =INTERCEPT($A2:$A15,I2:I15) -> -46.23012 | ... S19: =INTERCEPT($A2:$A15,S2:S15) -> -33.662087
B20: =MAX(B37:B50)/MAX($A:$A) -> 0.029314171 | C20: =MAX(C37:C50)/MAX($A:$A) -> 0.053061626 | D20: =MAX(D37:D50)/MAX($A:$A) -> 0.032203998 | E20: =MAX(E37:E50)/MAX($A:$A) -> 0.098185052 | F20: =MAX(F37:F50)/MAX($A:$A) -> 0.041026681 | G20: =MAX(G37:G50)/MAX($A:$A) -> 0.073723592 | H20: =MAX(H37:H50)/MAX($A:$A) -> 0.014370483 | I20: =MAX(I37:I50)/MAX($A:$A) -> 0.053481314 | ... S20: =MAX(S37:S50)/MAX($A:$A) -> 0.055864223
A22: 0 | B22: =B2*B$18+B$19 -> -0.86049733 | C22: =C2*C$18+C$19 -> -1.3726411 | D22: =D2*D$18+D$19 -> -4.3381292 | E22: =E2*E$18+E$19 -> -5.0167345 | F22: =F2*F$18+F$19 -> -2.8098712 | G22: =G2*G$18+G$19 -> -7.7998314 | H22: =H2*H$18+H$19 -> 2.8740967 | I22: =I2*I$18+I$19 -> -4.364066 | ... S22: =S2*S$18+S$19 -> -6.6435725
A23: 4 | B23: =B3*B$18+B$19 -> 2.9451205 | C23: =C3*C$18+C$19 -> 1.3411403 | D23: =D3*D$18+D$19 -> 0.39531976 | E23: =E3*E$18+E$19 -> -1.4131889 | F23: =F3*F$18+F$19 -> 1.740852 | G23: =G3*G$18+G$19 -> -2.6644626 | H23: =H3*H$18+H$19 -> 5.1750755 | I23: =I3*I$18+I$19 -> -0.079458577 | ... S23: =S3*S$18+S$19 -> -0.49271912
A24: 8 | B24: =B4*B$18+B$19 -> 6.2957626 | C24: =C4*C$18+C$19 -> 4.3345506 | D24: =D4*D$18+D$19 -> 4.7734806 | E24: =E4*E$18+E$19 -> 2.4961266 | F24: =F4*F$18+F$19 -> 4.9111703 | G24: =G4*G$18+G$19 -> 2.605423 | H24: =H4*H$18+H$19 -> 7.3468175 | I24: =I4*I$18+I$19 -> 5.2218854 | ... S24: =S4*S$18+S$19 -> 4.2915786
A25: 12 | B25: =B5*B$18+B$19 -> 10.932432 | C25: =C5*C$18+C$19 -> 8.3431144 | D25: =D5*D$18+D$19 -> 9.5905741 | E25: =E5*E$18+E$19 -> 7.6128963 | F25: =F5*F$18+F$19 -> 10.293848 | G25: =G5*G$18+G$19 -> 8.6394425 | H25: =H5*H$18+H$19 -> 10.95378 | I25: =I5*I$18+I$19 -> 10.588618 | ... S25: =S5*S$18+S$19 -> 10.562685
A26: 16 | B26: =B6*B$18+B$19 -> 15.028407 | C26: =C6*C$18+C$19 -> 13.88807 | D26: =D6*D$18+D$19 -> 14.671533 | E26: =E6*E$18+E$19 -> 12.871676 | F26: =F6*F$18+F$19 -> 14.654498 | G26: =G6*G$18+G$19 -> 14.89311 | H26: =H6*H$18+H$19 -> 14.320436 | I26: =I6*I$18+I$19 -> 15.393058 | ... S26: =S6*S$18+S$19 -> 15.726965
A27: 20 | B27: =B7*B$18+B$19 -> 19.321734 | C27: =C7*C$18+C$19 -> 18.958717 | D27: =D7*D$18+D$19 -> 20.272746 | E27: =E7*E$18+E$19 -> 17.910655 | F27: =F7*F$18+F$19 -> 18.844887 | G27: =G7*G$18+G$19 -> 20.304759 | H27: =H7*H$18+H$19 -> 18.177384 | I27: =I7*I$18+I$19 -> 20.35642 | ... S27: =S7*S$18+S$19 -> 20.640969
A28: 30 | B28: =B8*B$18+B$19 -> 30.310449 | C28: =C8*C$18+C$19 -> 31.89764 | D28: =D8*D$18+D$19 -> 33.506693 | E28: =E8*E$18+E$19 -> 33.183937 | F28: =F8*F$18+F$19 -> 31.048611 | G28: =G8*G$18+G$19 -> 34.61161 | H28: =H8*H$18+H$19 -> 28.599639 | I28: =I8*I$18+I$19 -> 31.761325 | ... S28: =S8*S$18+S$19 -> 32.67542
A29: 40 | B29: =B9*B$18+B$19 -> 40.622576 | C29: =C9*C$18+C$19 -> 43.30701 | D29: =D9*D$18+D$19 -> 43.793369 | E29: =E9*E$18+E$19 -> 46.910926 | F29: =F9*F$18+F$19 -> 43.41609 | G29: =G9*G$18+G$19 -> 47.234907 | H29: =H9*H$18+H$19 -> 39.420339 | I29: =I9*I$18+I$19 -> 42.662949 | ... S29: =S9*S$18+S$19 -> 44.132348
A30: 60 | B30: =B10*B$18+B$19 -> 62.020137 | C30: =C10*C$18+C$19 -> 63.880592 | D30: =D10*D$18+D$19 -> 66.4408 | E30: =E10*E$18+E$19 -> 70.602109 | F30: =F10*F$18+F$19 -> 64.25603 | G30: =G10*G$18+G$19 -> 70.708822 | H30: =H10*H$18+H$19 -> 61.137655 | I30: =I10*I$18+I$19 -> 63.672173 | ... S30: =S10*S$18+S$19 -> 65.442773
A31: 80 | B31: =B11*B$18+B$19 -> 82.686884 | C31: =C11*C$18+C$19 -> 86.105048 | D31: =D11*D$18+D$19 -> 85.859727 | E31: =E11*E$18+E$19 -> 91.67143 | F31: =F11*F$18+F$19 -> 85.281349 | G31: =G11*G$18+G$19 -> 90.942641 | H31: =H11*H$18+H$19 -> 80.603998 | I31: =I11*I$18+I$19 -> 85.568182 | ... S31: =S11*S$18+S$19 -> 86.457832
A32: 100 | B32: =B12*B$18+B$19 -> 103.00412 | C32: =C12*C$18+C$19 -> 105.34728 | D32: =D12*D$18+D$19 -> 103.13894 | E32: =E12*E$18+E$19 -> 108.936 | F32: =F12*F$18+F$19 -> 103.39599 | G32: =G12*G$18+G$19 -> 104.87209 | H32: =H12*H$18+H$19 -> 100.76557 | I32: =I12*I$18+I$19 -> 105.00882 | ... S32: =S12*S$18+S$19 -> 105.63778
A33: 120 | B33: =B13*B$18+B$19 -> 121.9049 | C33: =C13*C$18+C$19 -> 124.72756 | D33: =D13*D$18+D$19 -> 120.35581 | E33: =E13*E$18+E$19 -> 126.34245 | F33: =F13*F$18+F$19 -> 123.2486 | G33: =G13*G$18+G$19 -> 123.63618 | H33: =H13*H$18+H$19 -> 122.05007 | I33: =I13*I$18+I$19 -> 124.32021 | ... S33: =S13*S$18+S$19 -> 123.68251
... A35: 200 | B35: =B15*B$18+B$19 -> 194.13717 | C35: =C15*C$18+C$19 -> 189.38767 | D35: =D15*D$18+D$19 -> 194.16597 | E35: =E15*E$18+E$19 -> 180.36299 | F35: =F15*F$18+F$19 -> 191.79466 | G35: =G15*G$18+G$19 -> 185.25528 | H35: =H15*H$18+H$19 -> 197.40752 | I35: =I15*I$18+I$19 -> 189.30374 | ... S35: =S15*S$18+S$19 -> 188.82716
A37: 0 | B37: =ABS(B22-$A22) -> 0.86049733 | C37: =ABS(C22-$A22) -> 1.3726411 | D37: =ABS(D22-$A22) -> 4.3381292 | E37: =ABS(E22-$A22) -> 5.0167345 | F37: =ABS(F22-$A22) -> 2.8098712 | G37: =ABS(G22-$A22) -> 7.7998314 | H37: =ABS(H22-$A22) -> 2.8740967 | I37: =ABS(I22-$A22) -> 4.364066 | ... S37: =ABS(S22-$A22) -> 6.6435725
A38: 4 | B38: =ABS(B23-$A23) -> 1.0548795 | C38: =ABS(C23-$A23) -> 2.6588597 | D38: =ABS(D23-$A23) -> 3.6046802 | E38: =ABS(E23-$A23) -> 5.4131889 | F38: =ABS(F23-$A23) -> 2.259148 | G38: =ABS(G23-$A23) -> 6.6644626 | H38: =ABS(H23-$A23) -> 1.1750755 | I38: =ABS(I23-$A23) -> 4.0794586 | ... S38: =ABS(S23-$A23) -> 4.4927191
A39: 8 | B39: =ABS(B24-$A24) -> 1.7042374 | C39: =ABS(C24-$A24) -> 3.6654494 | D39: =ABS(D24-$A24) -> 3.2265194 | E39: =ABS(E24-$A24) -> 5.5038734 | F39: =ABS(F24-$A24) -> 3.0888297 | G39: =ABS(G24-$A24) -> 5.394577 | H39: =ABS(H24-$A24) -> 0.65318253 | I39: =ABS(I24-$A24) -> 2.7781146 | ... S39: =ABS(S24-$A24) -> 3.7084214
A40: 12 | B40: =ABS(B25-$A25) -> 1.0675685 | C40: =ABS(C25-$A25) -> 3.6568856 | D40: =ABS(D25-$A25) -> 2.4094259 | E40: =ABS(E25-$A25) -> 4.3871037 | F40: =ABS(F25-$A25) -> 1.7061516 | G40: =ABS(G25-$A25) -> 3.3605575 | H40: =ABS(H25-$A25) -> 1.04622 | I40: =ABS(I25-$A25) -> 1.4113822 | ... S40: =ABS(S25-$A25) -> 1.4373154
A41: 16 | B41: =ABS(B26-$A26) -> 0.97159313 | C41: =ABS(C26-$A26) -> 2.1119297 | D41: =ABS(D26-$A26) -> 1.3284665 | E41: =ABS(E26-$A26) -> 3.1283237 | F41: =ABS(F26-$A26) -> 1.345502 | G41: =ABS(G26-$A26) -> 1.1068903 | H41: =ABS(H26-$A26) -> 1.6795638 | I41: =ABS(I26-$A26) -> 0.60694166 | ... S41: =ABS(S26-$A26) -> 0.27303463
A42: 20 | B42: =ABS(B27-$A27) -> 0.67826596 | C42: =ABS(C27-$A27) -> 1.0412829 | D42: =ABS(D27-$A27) -> 0.27274559 | E42: =ABS(E27-$A27) -> 2.0893452 | F42: =ABS(F27-$A27) -> 1.1551128 | G42: =ABS(G27-$A27) -> 0.30475926 | H42: =ABS(H27-$A27) -> 1.8226163 | I42: =ABS(I27-$A27) -> 0.35642034 | ... S42: =ABS(S27-$A27) -> 0.64096872
A43: 30 | B43: =ABS(B28-$A28) -> 0.31044902 | C43: =ABS(C28-$A28) -> 1.89764 | D43: =ABS(D28-$A28) -> 3.5066928 | E43: =ABS(E28-$A28) -> 3.1839374 | F43: =ABS(F28-$A28) -> 1.0486106 | G43: =ABS(G28-$A28) -> 4.6116104 | H43: =ABS(H28-$A28) -> 1.4003611 | I43: =ABS(I28-$A28) -> 1.761325 | ... S43: =ABS(S28-$A28) -> 2.6754199
A44: 40 | B44: =ABS(B29-$A29) -> 0.6225757 | C44: =ABS(C29-$A29) -> 3.3070097 | D44: =ABS(D29-$A29) -> 3.7933686 | E44: =ABS(E29-$A29) -> 6.9109263 | F44: =ABS(F29-$A29) -> 3.4160898 | G44: =ABS(G29-$A29) -> 7.2349069 | H44: =ABS(H29-$A29) -> 0.57966133 | I44: =ABS(I29-$A29) -> 2.6629486 | ... S44: =ABS(S29-$A29) -> 4.1323482
A45: 60 | B45: =ABS(B30-$A30) -> 2.0201369 | C45: =ABS(C30-$A30) -> 3.8805922 | D45: =ABS(D30-$A30) -> 6.4407996 | E45: =ABS(E30-$A30) -> 10.602109 | F45: =ABS(F30-$A30) -> 4.2560302 | G45: =ABS(G30-$A30) -> 10.708822 | H45: =ABS(H30-$A30) -> 1.1376554 | I45: =ABS(I30-$A30) -> 3.6721727 | ... S45: =ABS(S30-$A30) -> 5.4427729
A46: 80 | B46: =ABS(B31-$A31) -> 2.6868843 | C46: =ABS(C31-$A31) -> 6.1050482 | D46: =ABS(D31-$A31) -> 5.8597269 | E46: =ABS(E31-$A31) -> 11.67143 | F46: =ABS(F31-$A31) -> 5.2813495 | G46: =ABS(G31-$A31) -> 10.942641 | H46: =ABS(H31-$A31) -> 0.60399779 | I46: =ABS(I31-$A31) -> 5.568182 | ... S46: =ABS(S31-$A31) -> 6.4578321
A47: 100 | B47: =ABS(B32-$A32) -> 3.004122 | C47: =ABS(C32-$A32) -> 5.3472847 | D47: =ABS(D32-$A32) -> 3.1389396 | E47: =ABS(E32-$A32) -> 8.9360018 | F47: =ABS(F32-$A32) -> 3.395988 | G47: =ABS(G32-$A32) -> 4.872091 | H47: =ABS(H32-$A32) -> 0.76556757 | I47: =ABS(I32-$A32) -> 5.0088236 | ... S47: =ABS(S32-$A32) -> 5.6377809
A48: 120 | B48: =ABS(B33-$A33) -> 1.9049028 | C48: =ABS(C33-$A33) -> 4.7275627 | D48: =ABS(D33-$A33) -> 0.35580631 | E48: =ABS(E33-$A33) -> 6.342454 | F48: =ABS(F33-$A33) -> 3.2486041 | G48: =ABS(G33-$A33) -> 3.6361774 | H48: =ABS(H33-$A33) -> 2.0500678 | I48: =ABS(I33-$A33) -> 4.3202149 | ... S48: =ABS(S33-$A33) -> 3.6825145
... A50: 200 | B50: =ABS(B35-$A35) -> 5.8628342 | C50: =ABS(C35-$A35) -> 10.612325 | D50: =ABS(D35-$A35) -> 5.8340267 | E50: =ABS(E35-$A35) -> 19.63701 | F50: =ABS(F35-$A35) -> 8.2053362 | G50: =ABS(G35-$A35) -> 14.744718 | H50: =ABS(H35-$A35) -> 2.5924822 | I50: =ABS(I35-$A35) -> 10.696263 | ... S50: =ABS(S35-$A35) -> 11.172845

Sheet 200 unloading
A1: P | B1: 101R (Ohm) | C1: 102R (Ohm) | D1: 103R (Ohm) | E1: 104R (Ohm) | F1: 105R (Ohm) | G1: 106R (Ohm) | H1: 107R (Ohm) | I1: 108R (Ohm) | J1: 109R (Ohm) | K1: 110R (Ohm) | L1: 111R (Ohm) | M1: 112R (Ohm) | N1: 113R (Ohm) | O1: 114R (Ohm) | P1: 115R (Ohm) | Q1: 116R (Ohm) | R1: 117R (Ohm) | S1: 118R (Ohm)
A2: 0 | B2: 3.3450716 | C2: 19.660423 | D2: 196.90864 | E2: 360.61935 | F2: 48.083437 | G2: 279.01269 | H2: 430.17322 | I2: 275.99357 | J2: 21.837457 | K2: 61.900407 | L2: 536.76166 | M2: 222.60991 | N2: 392.88162 | O2: 3.4593123 | P2: 2.7291463 | Q2: 14.392294 | R2: 506.54499 | S2: 10.090626
A3: 4 | B3: 3.3335445 | C3: 40.465009 | D3: 245.86983 | E3: 453.48986 | F3: 72.829449 | G3: 359.12064 | H3: 450.51429 | I3: 325.07676 | J3: 29.857206 | K3: 134.11203 | L3: 604.70698 | M3: 277.93111 | N3: 402.16518 | O3: 25.449146 | P3: 3.5503804 | Q3: 23.681466 | R3: 581.66365 | S3: 51.363784
A4: 8 | B4: 3.4019249 | C4: 76.362441 | D4: 302.11486 | E4: 538.61714 | F4: 113.28103 | G4: 441.11391 | H4: 474.49028 | I4: 380.49386 | J4: 55.715328 | K4: 221.84423 | L4: 681.70875 | M4: 329.07541 | N4: 421.10243 | O4: 95.501044 | P4: 5.769786 | Q4: 42.965849 | R4: 650.9569 | S4: 153.74744
A5: 12 | B5: 18.003899 | C5: 117.43633 | D5: 376.31693 | E5: 617.59948 | F5: 181.78223 | G5: 507.47739 | H5: 516.02371 | I5: 445.33673 | J5: 89.993024 | K5: 324.08934 | L5: 745.58195 | M5: 379.0717 | N5: 442.51578 | O5: 187.19846 | P5: 6.7342451 | Q5: 73.300222 | R5: 714.8476 | S5: 267.78779
A6: 16 | B6: 47.986119 | C6: 170.41774 | D6: 430.72492 | E6: 675.60528 | F6: 233.85685 | G6: 556.9024 | H6: 554.31613 | I6: 500.69335 | J6: 126.61011 | K6: 394.90377 | L6: 792.24337 | M6: 417.14765 | N6: 458.10692 | O6: 251.53823 | P6: 9.9988658 | Q6: 100.46829 | R6: 770.35647 | S6: 350.29518
A7: 20 | B7: 82.136089 | C7: 213.8906 | D7: 472.54795 | E7: 724.54012 | F7: 273.90114 | G7: 601.57855 | H7: 585.74179 | I7: 539.11347 | J7: 155.92486 | K7: 452.24598 | L7: 831.55372 | M7: 449.21272 | N7: 481.35086 | O7: 318.70244 | P7: 14.588514 | Q7: 122.82675 | R7: 815.24898 | S7: 414.44292
A8: 30 | B8: 199.52324 | C8: 342.79842 | D8: 593.80138 | E8: 843.56902 | F8: 400.90642 | G8: 694.78864 | H8: 666.34119 | I8: 651.39199 | J8: 259.97244 | K8: 581.39201 | L8: 922.65932 | M8: 513.96823 | N8: 588.38446 | O8: 468.48863 | P8: 27.044806 | Q8: 198.68843 | R8: 913.11817 | S8: 577.24717
A9: 40 | B9: 296.12965 | C9: 441.83259 | D9: 686.46987 | E9: 943.58939 | F9: 486.46483 | G9: 772.70247 | H9: 752.91278 | I9: 744.63159 | J9: 357.84768 | K9: 688.1325 | L9: 998.12357 | M9: 567.41154 | N9: 725.32978 | O9: 620.86165 | P9: 41.901797 | Q9: 278.97906 | R9: 1003.0828 | S9: 686.87079
A10: 60 | B10: 496.12897 | C10: 651.63658 | D10: 871.56013 | E10: 1098.4281 | F10: 659.30307 | G10: 884.59423 | H10: 893.57495 | I10: 930.21567 | J10: 541.58877 | K10: 861.55544 | L10: 1139.6295 | M10: 639.25444 | N10: 952.35385 | O10: 841.15916 | P10: 117.31503 | Q10: 462.57325 | R10: 1139.7899 | S10: 910.91439
A11: 80 | B11: 657.34161 | C11: 809.56771 | D11: 1008.1557 | E11: 1213.745 | F11: 805.22533 | G11: 982.60101 | H11: 1036.3723 | I11: 1085.4005 | J11: 694.70786 | K11: 1003.7526 | L11: 1245.3055 | M11: 710.79478 | N11: 1118.9568 | O11: 1035.9275 | P11: 187.90551 | Q11: 640.57191 | R11: 1249.278 | S11: 1060.3261
A12: 100 | B12: 790.97377 | C12: 936.324 | D12: 1120.9503 | E12: 1304.1442 | F12: 910.52338 | G12: 1070.9997 | H12: 1154.0786 | I12: 1199.2275 | J12: 840.26464 | K12: 1115.496 | L12: 1324.9369 | M12: 774.82747 | N12: 1242.6213 | O12: 1178.9379 | P12: 241.70862 | Q12: 783.45544 | R12: 1334.2048 | S12: 1185.5195
A13: 120 | B13: 912.93805 | C13: 1039.5904 | D13: 1222.6315 | E13: 1379.6713 | F13: 1005.2129 | G13: 1143.3889 | H13: 1259.8244 | I13: 1326.4134 | J13: 968.9469 | K13: 1214.7557 | L13: 1391.0348 | M13: 827.02049 | N13: 1354.4089 | O13: 1310.3349 | P13: 282.92682 | Q13: 930.10432 | R13: 1410.4742 | S13: 1302.5932
... A15: 200 | B15: 1222.5316 | C15: 1288.5089 | D15: 1533.0196 | E15: 1538.004 | F15: 1230.7769 | G15: 1295.9785 | H15: 1538.1137 | I15: 1591.9724 | J15: 1333.2521 | K15: 1446.1516 | L15: 1558.1273 | M15: 941.15919 | N15: 1629.4741 | O15: 1669.4968 | P15: 412.77887 | Q15: 1351.5978 | R15: 1596.1516 | S15: 1571.9581
B18: =SLOPE($A2:$A15,B2:B15) -> 0.13976612 | C18: =SLOPE($A2:$A15,C2:C15) -> 0.13523587 | D18: =SLOPE($A2:$A15,D2:D15) -> 0.13781879 | E18: =SLOPE($A2:$A15,E2:E15) -> 0.14973398 | F18: =SLOPE($A2:$A15,F2:F15) -> 0.14709063 | G18: =SLOPE($A2:$A15,G2:G15) -> 0.17877023 | H18: =SLOPE($A2:$A15,H2:H15) -> 0.16390006 | I18: =SLOPE($A2:$A15,I2:I15) -> 0.13708549 | ... S18: =SLOPE($A2:$A15,S2:S15) -> 0.1124213
B19: =INTERCEPT($A2:$A15,B2:B15) -> 2.2930927 | C19: =INTERCEPT($A2:$A15,C2:C15) -> -10.174081 | D19: =INTERCEPT($A2:$A15,D2:D15) -> -42.317015 | E19: =INTERCEPT($A2:$A15,E2:E15) -> -80.222991 | F19: =INTERCEPT($A2:$A15,F2:F15) -> -18.835371 | G19: =INTERCEPT($A2:$A15,G2:G15) -> -77.615208 | H19: =INTERCEPT($A2:$A15,H2:H15) -> -76.585849 | I19: =INTERCEPT($A2:$A15,I2:I15) -> -51.778975 | ... S19: =INTERCEPT($A2:$A15,S2:S15) -> -19.76644
B20: =MAX(B37:B50)/MAX($A:$A) -> 0.13419205 | C20: =MAX(C37:C50)/MAX($A:$A) -> 0.17960729 | D20: =MAX(D37:D50)/MAX($A:$A) -> 0.15519052 | E20: =MAX(E37:E50)/MAX($A:$A) -> 0.24965768 | F20: =MAX(F37:F50)/MAX($A:$A) -> 0.18899809 | G20: =MAX(G37:G50)/MAX($A:$A) -> 0.22966417 | H20: =MAX(H37:H50)/MAX($A:$A) -> 0.12244459 | I20: =MAX(I37:I50)/MAX($A:$A) -> 0.16771325 | ... S20: =MAX(S37:S50)/MAX($A:$A) -> 0.2152243
A22: 0 | B22: =B2*B$18+B$19 -> 2.7606204 | C22: =C2*C$18+C$19 -> -7.5152867 | D22: =D2*D$18+D$19 -> -15.179304 | E22: =E2*E$18+E$19 -> -26.22602 | F22: =F2*F$18+F$19 -> -11.762748 | G22: =G2*G$18+G$19 -> -27.736046 | H22: =H2*H$18+H$19 -> -6.0804309 | I22: =I2*I$18+I$19 -> -13.94426 | ... S22: =S2*S$18+S$19 -> -18.632039
A23: 4 | B23: =B3*B$18+B$19 -> 2.7590093 | C23: =C3*C$18+C$19 -> -4.7017605 | D23: =D3*D$18+D$19 -> -8.4315316 | E23: =E3*E$18+E$19 -> -12.32015 | F23: =F3*F$18+F$19 -> -8.1228413 | G23: =G3*G$18+G$19 -> -13.415128 | H23: =H3*H$18+H$19 -> -2.7465272 | I23: =I3*I$18+I$19 -> -7.2156656 | ... S23: =S3*S$18+S$19 -> -13.992057
A24: 8 | B24: =B4*B$18+B$19 -> 2.7685666 | C24: =C4*C$18+C$19 -> 0.15286003 | D24: =D4*D$18+D$19 -> -0.67990934 | E24: =E4*E$18+E$19 -> 0.42629539 | F24: =F4*F$18+F$19 -> -2.1727933 | G24: =G4*G$18+G$19 -> 1.2428259 | H24: =H4*H$18+H$19 -> 1.1831389 | I24: =I4*I$18+I$19 -> 0.3812139 | ... S24: =S4*S$18+S$19 -> -2.4819524
A25: 12 | B25: =B5*B$18+B$19 -> 4.8094279 | C25: =C5*C$18+C$19 -> 5.7075229 | D25: =D5*D$18+D$19 -> 9.5465298 | E25: =E5*E$18+E$19 -> 12.252636 | F25: =F5*F$18+F$19 -> 7.9030908 | G25: =G5*G$18+G$19 -> 13.106642 | H25: =H5*H$18+H$19 -> 7.9904697 | I25: =I5*I$18+I$19 -> 9.2702313 | ... S25: =S5*S$18+S$19 -> 10.338612
A26: 16 | B26: =B6*B$18+B$19 -> 8.9999264 | C26: =C6*C$18+C$19 -> 12.87251 | D26: =D6*D$18+D$19 -> 17.044974 | E26: =E6*E$18+E$19 -> 20.938075 | F26: =F6*F$18+F$19 -> 15.56278 | G26: =G6*G$18+G$19 -> 21.942362 | H26: =H6*H$18+H$19 -> 14.2666 | I26: =I6*I$18+I$19 -> 16.858822 | ... S26: =S6*S$18+S$19 -> 19.6142
A27: 20 | B27: =B7*B$18+B$19 -> 13.772935 | C27: =C7*C$18+C$19 -> 18.751601 | D27: =D7*D$18+D$19 -> 22.808973 | E27: =E7*E$18+E$19 -> 28.265283 | F27: =F7*F$18+F$19 -> 21.45292 | G27: =G7*G$18+G$19 -> 29.929127 | H27: =H7*H$18+H$19 -> 19.417268 | I27: =I7*I$18+I$19 -> 22.125662 | ... S27: =S7*S$18+S$19 -> 26.825773
A28: 30 | B28: =B8*B$18+B$19 -> 30.179682 | C28: =C8*C$18+C$19 -> 36.184562 | D28: =D8*D$18+D$19 -> 39.519975 | E28: =E8*E$18+E$19 -> 46.087954 | F28: =F8*F$18+F$19 -> 40.134206 | G28: =G8*G$18+G$19 -> 46.592317 | H28: =H8*H$18+H$19 -> 32.627515 | I28: =I8*I$18+I$19 -> 37.517419 | ... S28: =S8*S$18+S$19 -> 45.128438
A29: 40 | B29: =B9*B$18+B$19 -> 43.681985 | C29: =C9*C$18+C$19 -> 49.577534 | D29: =D9*D$18+D$19 -> 52.291434 | E29: =E9*E$18+E$19 -> 61.064401 | F29: =F9*F$18+F$19 -> 52.719046 | G29: =G9*G$18+G$19 -> 60.52099 | H29: =H9*H$18+H$19 -> 46.816604 | I29: =I9*I$18+I$19 -> 50.299215 | ... S29: =S9*S$18+S$19 -> 57.452469
A30: 60 | B30: =B10*B$18+B$19 -> 71.635114 | C30: =C10*C$18+C$19 -> 77.950559 | D30: =D10*D$18+D$19 -> 77.800351 | E30: =E10*E$18+E$19 -> 84.249012 | F30: =F10*F$18+F$19 -> 78.141931 | G30: =G10*G$18+G$19 -> 80.523906 | H30: =H10*H$18+H$19 -> 69.871142 | I30: =I10*I$18+I$19 -> 75.740101 | ... S30: =S10*S$18+S$19 -> 82.639742
A31: 80 | B31: =B11*B$18+B$19 -> 94.167179 | C31: =C11*C$18+C$19 -> 99.308513 | D31: =D11*D$18+D$19 -> 96.625787 | E31: =E11*E$18+E$19 -> 101.51588 | F31: =F11*F$18+F$19 -> 99.605728 | G31: =G11*G$18+G$19 -> 98.0446 | H31: =H11*H$18+H$19 -> 93.275646 | I31: =I11*I$18+I$19 -> 97.013688 | ... S31: =S11*S$18+S$19 -> 99.436805
A32: 100 | B32: =B12*B$18+B$19 -> 112.84443 | C32: =C12*C$18+C$19 -> 116.45051 | D32: =D12*D$18+D$19 -> 112.17101 | E32: =E12*E$18+E$19 -> 115.05171 | F32: =F12*F$18+F$19 -> 115.09408 | G32: =G12*G$18+G$19 -> 113.84766 | H32: =H12*H$18+H$19 -> 112.56771 | I32: =I12*I$18+I$19 -> 112.61772 | ... S32: =S12*S$18+S$19 -> 113.51121
A33: 120 | B33: =B13*B$18+B$19 -> 129.8909 | C33: =C13*C$18+C$19 -> 130.41583 | D33: =D13*D$18+D$19 -> 126.18459 | E33: =E13*E$18+E$19 -> 126.36068 | F33: =F13*F$18+F$19 -> 129.02203 | G33: =G13*G$18+G$19 -> 126.78869 | H33: =H13*H$18+H$19 -> 129.89945 | I33: =I13*I$18+I$19 -> 130.05307 | ... S33: =S13*S$18+S$19 -> 126.67279
... A35: 200 | B35: =B15*B$18+B$19 -> 173.16159 | C35: =C15*C$18+C$19 -> 164.07854 | D35: =D15*D$18+D$19 -> 168.9619 | E35: =E15*E$18+E$19 -> 150.06846 | F35: =F15*F$18+F$19 -> 162.20038 | G35: =G15*G$18+G$19 -> 154.06717 | H35: =H15*H$18+H$19 -> 175.51108 | I35: =I15*I$18+I$19 -> 166.45735 | ... S35: =S15*S$18+S$19 -> 156.95514
A37: 0 | B37: =ABS(B22-$A22) -> 2.7606204 | C37: =ABS(C22-$A22) -> 7.5152867 | D37: =ABS(D22-$A22) -> 15.179304 | E37: =ABS(E22-$A22) -> 26.22602 | F37: =ABS(F22-$A22) -> 11.762748 | G37: =ABS(G22-$A22) -> 27.736046 | H37: =ABS(H22-$A22) -> 6.0804309 | I37: =ABS(I22-$A22) -> 13.94426 | ... S37: =ABS(S22-$A22) -> 18.632039
A38: 4 | B38: =ABS(B23-$A23) -> 1.2409907 | C38: =ABS(C23-$A23) -> 8.7017605 | D38: =ABS(D23-$A23) -> 12.431532 | E38: =ABS(E23-$A23) -> 16.32015 | F38: =ABS(F23-$A23) -> 12.122841 | G38: =ABS(G23-$A23) -> 17.415128 | H38: =ABS(H23-$A23) -> 6.7465272 | I38: =ABS(I23-$A23) -> 11.215666 | ... S38: =ABS(S23-$A23) -> 17.992057
A39: 8 | B39: =ABS(B24-$A24) -> 5.2314334 | C39: =ABS(C24-$A24) -> 7.84714 | D39: =ABS(D24-$A24) -> 8.6799093 | E39: =ABS(E24-$A24) -> 7.5737046 | F39: =ABS(F24-$A24) -> 10.172793 | G39: =ABS(G24-$A24) -> 6.7571741 | H39: =ABS(H24-$A24) -> 6.8168611 | I39: =ABS(I24-$A24) -> 7.6187861 | ... S39: =ABS(S24-$A24) -> 10.481952
A40: 12 | B40: =ABS(B25-$A25) -> 7.1905721 | C40: =ABS(C25-$A25) -> 6.2924771 | D40: =ABS(D25-$A25) -> 2.4534702 | E40: =ABS(E25-$A25) -> 0.25263574 | F40: =ABS(F25-$A25) -> 4.0969092 | G40: =ABS(G25-$A25) -> 1.106642 | H40: =ABS(H25-$A25) -> 4.0095303 | I40: =ABS(I25-$A25) -> 2.7297687 | ... S40: =ABS(S25-$A25) -> 1.661388
A41: 16 | B41: =ABS(B26-$A26) -> 7.0000736 | C41: =ABS(C26-$A26) -> 3.1274896 | D41: =ABS(D26-$A26) -> 1.0449738 | E41: =ABS(E26-$A26) -> 4.9380751 | F41: =ABS(F26-$A26) -> 0.4372198 | G41: =ABS(G26-$A26) -> 5.9423622 | H41: =ABS(H26-$A26) -> 1.7333995 | I41: =ABS(I26-$A26) -> 0.85882169 | ... S41: =ABS(S26-$A26) -> 3.6142002
A42: 20 | B42: =ABS(B27-$A27) -> 6.2270649 | C42: =ABS(C27-$A27) -> 1.2483991 | D42: =ABS(D27-$A27) -> 2.8089735 | E42: =ABS(E27-$A27) -> 8.2652831 | F42: =ABS(F27-$A27) -> 1.4529203 | G42: =ABS(G27-$A27) -> 9.929127 | H42: =ABS(H27-$A27) -> 0.58273247 | I42: =ABS(I27-$A27) -> 2.1256624 | ... S42: =ABS(S27-$A27) -> 6.8257726
A43: 30 | B43: =ABS(B28-$A28) -> 0.17968157 | C43: =ABS(C28-$A28) -> 6.1845615 | D43: =ABS(D28-$A28) -> 9.5199749 | E43: =ABS(E28-$A28) -> 16.087954 | F43: =ABS(F28-$A28) -> 10.134206 | G43: =ABS(G28-$A28) -> 16.592317 | H43: =ABS(H28-$A28) -> 2.6275154 | I43: =ABS(I28-$A28) -> 7.5174191 | ... S43: =ABS(S28-$A28) -> 15.128438
A44: 40 | B44: =ABS(B29-$A29) -> 3.6819845 | C44: =ABS(C29-$A29) -> 9.5775339 | D44: =ABS(D29-$A29) -> 12.291434 | E44: =ABS(E29-$A29) -> 21.064401 | F44: =ABS(F29-$A29) -> 12.719046 | G44: =ABS(G29-$A29) -> 20.52099 | H44: =ABS(H29-$A29) -> 6.816604 | I44: =ABS(I29-$A29) -> 10.299215 | ... S44: =ABS(S29-$A29) -> 17.452469
A45: 60 | B45: =ABS(B30-$A30) -> 11.635114 | C45: =ABS(C30-$A30) -> 17.950559 | D45: =ABS(D30-$A30) -> 17.800351 | E45: =ABS(E30-$A30) -> 24.249012 | F45: =ABS(F30-$A30) -> 18.141931 | G45: =ABS(G30-$A30) -> 20.523906 | H45: =ABS(H30-$A30) -> 9.8711424 | I45: =ABS(I30-$A30) -> 15.740101 | ... S45: =ABS(S30-$A30) -> 22.639742
A46: 80 | B46: =ABS(B31-$A31) -> 14.167179 | C46: =ABS(C31-$A31) -> 19.308513 | D46: =ABS(D31-$A31) -> 16.625787 | E46: =ABS(E31-$A31) -> 21.51588 | F46: =ABS(F31-$A31) -> 19.605728 | G46: =ABS(G31-$A31) -> 18.0446 | H46: =ABS(H31-$A31) -> 13.275646 | I46: =ABS(I31-$A31) -> 17.013688 | ... S46: =ABS(S31-$A31) -> 19.436805
A47: 100 | B47: =ABS(B32-$A32) -> 12.844427 | C47: =ABS(C32-$A32) -> 16.45051 | D47: =ABS(D32-$A32) -> 12.171006 | E47: =ABS(E32-$A32) -> 15.051711 | F47: =ABS(F32-$A32) -> 15.094084 | G47: =ABS(G32-$A32) -> 13.847662 | H47: =ABS(H32-$A32) -> 12.567711 | I47: =ABS(I32-$A32) -> 12.617719 | ... S47: =ABS(S32-$A32) -> 13.51121
A48: 120 | B48: =ABS(B33-$A33) -> 9.8909021 | C48: =ABS(C33-$A33) -> 10.415827 | D48: =ABS(D33-$A33) -> 6.1845866 | E48: =ABS(E33-$A33) -> 6.3606818 | F48: =ABS(F33-$A33) -> 9.0220279 | G48: =ABS(G33-$A33) -> 6.7886916 | H48: =ABS(H33-$A33) -> 9.8994494 | I48: =ABS(I33-$A33) -> 10.053067 | ... S48: =ABS(S33-$A33) -> 6.672786
... A50: 200 | B50: =ABS(B35-$A35) -> 26.83841 | C50: =ABS(C35-$A35) -> 35.921458 | D50: =ABS(D35-$A35) -> 31.038105 | E50: =ABS(E35-$A35) -> 49.931536 | F50: =ABS(F35-$A35) -> 37.799618 | G50: =ABS(G35-$A35) -> 45.932834 | H50: =ABS(H35-$A35) -> 24.488918 | I50: =ABS(I35-$A35) -> 33.542651 | ... S50: =ABS(S35-$A35) -> 43.044861

Sheet 200 both
A1: P | B1: 101R (Ohm) | C1: 102R (Ohm) | D1: 103R (Ohm) | E1: 104R (Ohm) | F1: 105R (Ohm) | G1: 106R (Ohm) | H1: 107R (Ohm) | I1: 108R (Ohm) | J1: 109R (Ohm) | K1: 110R (Ohm) | L1: 111R (Ohm) | M1: 112R (Ohm) | N1: 113R (Ohm) | O1: 114R (Ohm) | P1: 115R (Ohm) | Q1: 116R (Ohm) | R1: 117R (Ohm) | S1: 118R (Ohm)
A2: =AVERAGE('200 loading'!A2,'200 unloading'!A2) -> 0 | B2: =AVERAGE('200 loading'!B2,'200 unloading'!B2) -> 21.079072 | C2: =AVERAGE('200 loading'!C2,'200 unloading'!C2) -> 43.950248 | D2: =AVERAGE('200 loading'!D2,'200 unloading'!D2) -> 231.82267 | E2: =AVERAGE('200 loading'!E2,'200 unloading'!E2) -> 340.69621 | F2: =AVERAGE('200 loading'!F2,'200 unloading'!F2) -> 106.99303 | G2: =AVERAGE('200 loading'!G2,'200 unloading'!G2) -> 295.24217 | H2: =AVERAGE('200 loading'!H2,'200 unloading'!H2) -> 420.62539 | ... S2: =AVERAGE('200 loading'!S2,'200 unloading'!S2) -> 100.49256
A3: =AVERAGE('200 loading'!A3,'200 unloading'!A3) -> 4 | B3: =AVERAGE('200 loading'!B3,'200 unloading'!B3) -> 32.624166 | C3: =AVERAGE('200 loading'!C3,'200 unloading'!C3) -> 63.032394 | D3: =AVERAGE('200 loading'!D3,'200 unloading'!D3) -> 271.4009 | E3: =AVERAGE('200 loading'!E3,'200 unloading'!E3) -> 398.96217 | F3: =AVERAGE('200 loading'!F3,'200 unloading'!F3) -> 131.8168 | G3: =AVERAGE('200 loading'!G3,'200 unloading'!G3) -> 348.39036 | H3: =AVERAGE('200 loading'!H3,'200 unloading'!H3) -> 437.46133 | ... S3: =AVERAGE('200 loading'!S3,'200 unloading'!S3) -> 142.85802
A4: =AVERAGE('200 loading'!A4,'200 unloading'!A4) -> 8 | B4: =AVERAGE('200 loading'!B4,'200 unloading'!B4) -> 42.828266 | C4: =AVERAGE('200 loading'!C4,'200 unloading'!C4) -> 90.555337 | D4: =AVERAGE('200 loading'!D4,'200 unloading'!D4) -> 313.48784 | E4: =AVERAGE('200 loading'!E4,'200 unloading'!E4) -> 454.36039 | F4: =AVERAGE('200 loading'!F4,'200 unloading'!F4) -> 160.71656 | G4: =AVERAGE('200 loading'!G4,'200 unloading'!G4) -> 402.82418 | H4: =AVERAGE('200 loading'!H4,'200 unloading'!H4) -> 455.74036 | ... S4: =AVERAGE('200 loading'!S4,'200 unloading'!S4) -> 210.95115
A5: =AVERAGE('200 loading'!A5,'200 unloading'!A5) -> 12 | B5: =AVERAGE('200 loading'!B5,'200 unloading'!B5) -> 64.202526 | C5: =AVERAGE('200 loading'!C5,'200 unloading'!C5) -> 123.91341 | D5: =AVERAGE('200 loading'!D5,'200 unloading'!D5) -> 365.9533 | E5: =AVERAGE('200 loading'!E5,'200 unloading'!E5) -> 510.65029 | F5: =AVERAGE('200 loading'!F5,'200 unloading'!F5) -> 209.69414 | G5: =AVERAGE('200 loading'!G5,'200 unloading'!G5) -> 451.39152 | H5: =AVERAGE('200 loading'!H5,'200 unloading'!H5) -> 486.9556 | ... S5: =AVERAGE('200 loading'!S5,'200 unloading'!S5) -> 290.12502
A6: =AVERAGE('200 loading'!A6,'200 unloading'!A6) -> 16 | B6: =AVERAGE('200 loading'!B6,'200 unloading'!B6) -> 91.62579 | C6: =AVERAGE('200 loading'!C6,'200 unloading'!C6) -> 168.1393 | D6: =AVERAGE('200 loading'!D6,'200 unloading'!D6) -> 409.36334 | E6: =AVERAGE('200 loading'!E6,'200 unloading'!E6) -> 556.91816 | F6: =AVERAGE('200 loading'!F6,'200 unloading'!F6) -> 247.66218 | G6: =AVERAGE('200 loading'!G6,'200 unloading'!G6) -> 492.04967 | H6: =AVERAGE('200 loading'!H6,'200 unloading'!H6) -> 515.85423 | ... S6: =AVERAGE('200 loading'!S6,'200 unloading'!S6) -> 349.62237
A7: =AVERAGE('200 loading'!A7,'200 unloading'!A7) -> 20 | B7: =AVERAGE('200 loading'!B7,'200 unloading'!B7) -> 121.73193 | C7: =AVERAGE('200 loading'!C7,'200 unloading'!C7) -> 206.09386 | D7: =AVERAGE('200 loading'!D7,'200 unloading'!D7) -> 448.14028 | E7: =AVERAGE('200 loading'!E7,'200 unloading'!E7) -> 597.92892 | F7: =AVERAGE('200 loading'!F7,'200 unloading'!F7) -> 279.14921 | G7: =AVERAGE('200 loading'!G7,'200 unloading'!G7) -> 528.18641 | H7: =AVERAGE('200 loading'!H7,'200 unloading'!H7) -> 542.73974 | ... S7: =AVERAGE('200 loading'!S7,'200 unloading'!S7) -> 399.05574
A8: =AVERAGE('200 loading'!A8,'200 unloading'!A8) -> 30 | B8: =AVERAGE('200 loading'!B8,'200 unloading'!B8) -> 213.77859 | C8: =AVERAGE('200 loading'!C8,'200 unloading'!C8) -> 311.93207 | D8: =AVERAGE('200 loading'!D8,'200 unloading'!D8) -> 550.97751 | E8: =AVERAGE('200 loading'!E8,'200 unloading'!E8) -> 707.5867 | F8: =AVERAGE('200 loading'!F8,'200 unloading'!F8) -> 376.04118 | G8: =AVERAGE('200 loading'!G8,'200 unloading'!G8) -> 611.27118 | H8: =AVERAGE('200 loading'!H8,'200 unloading'!H8) -> 613.23029 | ... S8: =AVERAGE('200 loading'!S8,'200 unloading'!S8) -> 522.9715
A9: =AVERAGE('200 loading'!A9,'200 unloading'!A9) -> 40 | B9: =AVERAGE('200 loading'!B9,'200 unloading'!B9) -> 293.38128 | C9: =AVERAGE('200 loading'!C9,'200 unloading'!C9) -> 397.94128 | D9: =AVERAGE('200 loading'!D9,'200 unloading'!D9) -> 630.12176 | E9: =AVERAGE('200 loading'!E9,'200 unloading'!E9) -> 802.66361 | F9: =AVERAGE('200 loading'!F9,'200 unloading'!F9) -> 452.65776 | G9: =AVERAGE('200 loading'!G9,'200 unloading'!G9) -> 682.41507 | H9: =AVERAGE('200 loading'!H9,'200 unloading'!H9) -> 687.86113 | ... S9: =AVERAGE('200 loading'!S9,'200 unloading'!S9) -> 618.25676
A10: =AVERAGE('200 loading'!A10,'200 unloading'!A10) -> 60 | B10: =AVERAGE('200 loading'!B10,'200 unloading'!B10) -> 458.32708 | C10: =AVERAGE('200 loading'!C10,'200 unloading'!C10) -> 568.64653 | D10: =AVERAGE('200 loading'!D10,'200 unloading'!D10) -> 794.90231 | E10: =AVERAGE('200 loading'!E10,'200 unloading'!E10) -> 957.86287 | F10: =AVERAGE('200 loading'!F10,'200 unloading'!F10) -> 596.09486 | G10: =AVERAGE('200 loading'!G10,'200 unloading'!G10) -> 798.21492 | H10: =AVERAGE('200 loading'!H10,'200 unloading'!H10) -> 821.10223 | ... S10: =AVERAGE('200 loading'!S10,'200 unloading'!S10) -> 805.56106
A11: =AVERAGE('200 loading'!A11,'200 unloading'!A11) -> 80 | B11: =AVERAGE('200 loading'!B11,'200 unloading'!B11) -> 601.66136 | C11: =AVERAGE('200 loading'!C11,'200 unloading'!C11) -> 718.69557 | D11: =AVERAGE('200 loading'!D11,'200 unloading'!D11) -> 925.13799 | E11: =AVERAGE('200 loading'!E11,'200 unloading'!E11) -> 1084.6935 | F11: =AVERAGE('200 loading'!F11,'200 unloading'!F11) -> 726.58118 | G11: =AVERAGE('200 loading'!G11,'200 unloading'!G11) -> 898.81066 | H11: =AVERAGE('200 loading'!H11,'200 unloading'!H11) -> 948.8904 | ... S11: =AVERAGE('200 loading'!S11,'200 unloading'!S11) -> 954.50601
A12: =AVERAGE('200 loading'!A12,'200 unloading'!A12) -> 100 | B12: =AVERAGE('200 loading'!B12,'200 unloading'!B12) -> 730.14457 | C12: =AVERAGE('200 loading'!C12,'200 unloading'!C12) -> 843.61875 | D12: =AVERAGE('200 loading'!D12,'200 unloading'!D12) -> 1036.6485 | E12: =AVERAGE('200 loading'!E12,'200 unloading'!E12) -> 1186.574 | F12: =AVERAGE('200 loading'!F12,'200 unloading'!F12) -> 828.79177 | G12: =AVERAGE('200 loading'!G12,'200 unloading'!G12) -> 978.52744 | H12: =AVERAGE('200 loading'!H12,'200 unloading'!H12) -> 1066.1469 | ... S12: =AVERAGE('200 loading'!S12,'200 unloading'!S12) -> 1084.859
A13: =AVERAGE('200 loading'!A13,'200 unloading'!A13) -> 120 | B13: =AVERAGE('200 loading'!B13,'200 unloading'!B13) -> 848.49459 | C13: =AVERAGE('200 loading'!C13,'200 unloading'!C13) -> 957.23849 | D13: =AVERAGE('200 loading'!D13,'200 unloading'!D13) -> 1142.4033 | E13: =AVERAGE('200 loading'!E13,'200 unloading'!E13) -> 1281.4842 | F13: =AVERAGE('200 loading'!F13,'200 unloading'!F13) -> 930.45321 | G13: =AVERAGE('200 loading'!G13,'200 unloading'!G13) -> 1062.5668 | H13: =AVERAGE('200 loading'!H13,'200 unloading'!H13) -> 1180.676 | ... S13: =AVERAGE('200 loading'!S13,'200 unloading'!S13) -> 1207.1417
... A15: =AVERAGE('200 loading'!A15,'200 unloading'!A15) -> 200 | B15: =AVERAGE('200 loading'!B15,'200 unloading'!B15) -> 1222.5316 | C15: =AVERAGE('200 loading'!C15,'200 unloading'!C15) -> 1288.5089 | D15: =AVERAGE('200 loading'!D15,'200 unloading'!D15) -> 1533.0196 | E15: =AVERAGE('200 loading'!E15,'200 unloading'!E15) -> 1538.004 | F15: =AVERAGE('200 loading'!F15,'200 unloading'!F15) -> 1230.7769 | G15: =AVERAGE('200 loading'!G15,'200 unloading'!G15) -> 1295.9785 | H15: =AVERAGE('200 loading'!H15,'200 unloading'!H15) -> 1538.1137 | ... S15: =AVERAGE('200 loading'!S15,'200 unloading'!S15) -> 1571.9581
B18: =SLOPE($A2:$A15,B2:B15) -> 0.15194767 | C18: =SLOPE($A2:$A15,C2:C15) -> 0.14603877 | D18: =SLOPE($A2:$A15,D2:D15) -> 0.14768761 | E18: =SLOPE($A2:$A15,E2:E15) -> 0.15306724 | F18: =SLOPE($A2:$A15,F2:F15) -> 0.16457953 | G18: =SLOPE($A2:$A15,G2:G15) -> 0.18931826 | H18: =SLOPE($A2:$A15,H2:H15) -> 0.16914405 | I18: =SLOPE($A2:$A15,I2:I15) -> 0.14317327 | ... S18: =SLOPE($A2:$A15,S2:S15) -> 0.12688199
B19: =INTERCEPT($A2:$A15,B2:B15) -> -2.3888715 | C19: =INTERCEPT($A2:$A15,C2:C15) -> -11.544618 | D19: =INTERCEPT($A2:$A15,D2:D15) -> -44.830638 | E19: =INTERCEPT($A2:$A15,E2:E15) -> -68.904881 | F19: =INTERCEPT($A2:$A15,F2:F15) -> -26.046033 | G19: =INTERCEPT($A2:$A15,G2:G15) -> -75.088536 | H19: =INTERCEPT($A2:$A15,H2:H15) -> -73.237917 | I19: =INTERCEPT($A2:$A15,I2:I15) -> -49.775632 | ... S19: =INTERCEPT($A2:$A15,S2:S15) -> -27.004592
B20: =MAX(B37:B50)/MAX($A:$A) -> 0.083140214 | C20: =MAX(C37:C50)/MAX($A:$A) -> 0.1168618 | D20: =MAX(D37:D50)/MAX($A:$A) -> 0.092113161 | E20: =MAX(E37:E50)/MAX($A:$A) -> 0.16743428 | F20: =MAX(F37:F50)/MAX($A:$A) -> 0.1174267 | G20: =MAX(G37:G50)/MAX($A:$A) -> 0.14868068 | H20: =MAX(H37:H50)/MAX($A:$A) -> 0.065375703 | I20: =MAX(I37:I50)/MAX($A:$A) -> 0.10923871 | ... S20: =MAX(S37:S50)/MAX($A:$A) -> 0.1377571
A22: 0 | B22: =B2*B$18+B$19 -> 0.81404452 | C22: =C2*C$18+C$19 -> -5.1261778 | D22: =D2*D$18+D$19 -> -10.593301 | E22: =E2*E$18+E$19 -> -16.755452 | F22: =F2*F$18+F$19 -> -8.4371699 | G22: =G2*G$18+G$19 -> -19.1938 | H22: =H2*H$18+H$19 -> -2.0916341 | I22: =I2*I$18+I$19 -> -9.7611334 | ... S22: =S2*S$18+S$19 -> -14.253895
A23: 4 | B23: =B3*B$18+B$19 -> 2.5682946 | C23: =C3*C$18+C$19 -> -2.3394447 | D23: =D3*D$18+D$19 -> -4.7480862 | E23: =E3*E$18+E$19 -> -7.8368418 | F23: =F3*F$18+F$19 -> -4.3516863 | G23: =G3*G$18+G$19 -> -9.1318788 | H23: =H3*H$18+H$19 -> 0.75606472 | I23: =I3*I$18+I$19 -> -4.1743091 | ... S23: =S3*S$18+S$19 -> -8.8784817
A24: 8 | B24: =B4*B$18+B$19 -> 4.1187838 | C24: =C4*C$18+C$19 -> 1.6799722 | D24: =D4*D$18+D$19 -> 1.4676332 | E24: =E4*E$18+E$19 -> 0.64280934 | F24: =F4*F$18+F$19 -> 0.40462363 | G24: =G4*G$18+G$19 -> 1.1734387 | H24: =H4*H$18+H$19 -> 3.8478531 | I24: =I4*I$18+I$19 -> 2.3578893 | ... S24: =S4*S$18+S$19 -> -0.23868975
A25: 12 | B25: =B5*B$18+B$19 -> 7.3665529 | C25: =C5*C$18+C$19 -> 6.5515442 | D25: =D5*D$18+D$19 -> 9.2161316 | E25: =E5*E$18+E$19 -> 9.2589501 | F25: =F5*F$18+F$19 -> 8.4653312 | G25: =G5*G$18+G$19 -> 10.368122 | H25: =H5*H$18+H$19 -> 9.1277257 | I25: =I5*I$18+I$19 -> 9.5964861 | ... S25: =S5*S$18+S$19 -> 9.8070477
A26: 16 | B26: =B6*B$18+B$19 -> 11.533454 | C26: =C6*C$18+C$19 -> 13.010238 | D26: =D6*D$18+D$19 -> 15.627257 | E26: =E6*E$18+E$19 -> 16.341045 | F26: =F6*F$18+F$19 -> 14.714092 | G26: =G6*G$18+G$19 -> 18.065453 | H26: =H6*H$18+H$19 -> 14.015757 | I26: =I6*I$18+I$19 -> 15.883927 | ... S26: =S6*S$18+S$19 -> 17.356189
A27: 20 | B27: =B7*B$18+B$19 -> 16.108012 | C27: =C7*C$18+C$19 -> 18.553076 | D27: =D7*D$18+D$19 -> 21.35413 | E27: =E7*E$18+E$19 -> 22.618449 | F27: =F7*F$18+F$19 -> 19.896213 | G27: =G7*G$18+G$19 -> 24.906798 | H27: =H7*H$18+H$19 -> 18.563281 | I27: =I7*I$18+I$19 -> 21.035836 | ... S27: =S7*S$18+S$19 -> 23.628395
A28: 30 | B28: =B8*B$18+B$19 -> 30.094287 | C28: =C8*C$18+C$19 -> 34.009558 | D28: =D8*D$18+D$19 -> 36.541915 | E28: =E8*E$18+E$19 -> 39.403462 | F28: =F8*F$18+F$19 -> 35.842648 | G28: =G8*G$18+G$19 -> 40.636262 | H28: =H8*H$18+H$19 -> 30.486338 | I28: =I8*I$18+I$19 -> 34.591783 | ... S28: =S8*S$18+S$19 -> 39.351073
A29: 40 | B29: =B9*B$18+B$19 -> 42.189732 | C29: =C9*C$18+C$19 -> 46.570237 | D29: =D9*D$18+D$19 -> 48.230541 | E29: =E9*E$18+E$19 -> 53.956622 | F29: =F9*F$18+F$19 -> 48.452168 | G29: =G9*G$18+G$19 -> 54.1051 | H29: =H9*H$18+H$19 -> 43.109701 | I29: =I9*I$18+I$19 -> 46.541283 | ... S29: =S9*S$18+S$19 -> 51.441056
A30: 60 | B30: =B10*B$18+B$19 -> 67.252862 | C30: =C10*C$18+C$19 -> 71.499823 | D30: =D10*D$18+D$19 -> 72.566587 | E30: =E10*E$18+E$19 -> 77.712544 | F30: =F10*F$18+F$19 -> 72.05898 | G30: =G10*G$18+G$19 -> 76.028126 | H30: =H10*H$18+H$19 -> 65.64664 | I30: =I10*I$18+I$19 -> 69.992016 | ... S30: =S10*S$18+S$19 -> 75.206598
A31: 80 | B31: =B11*B$18+B$19 -> 89.032172 | C31: =C11*C$18+C$19 -> 93.4128 | D31: =D11*D$18+D$19 -> 91.800785 | E31: =E11*E$18+E$19 -> 97.126159 | F31: =F11*F$18+F$19 -> 93.534356 | G31: =G11*G$18+G$19 -> 95.072737 | H31: =H11*H$18+H$19 -> 87.261248 | I31: =I11*I$18+I$19 -> 91.695641 | ... S31: =S11*S$18+S$19 -> 94.105029
A32: 100 | B32: =B12*B$18+B$19 -> 108.5549 | C32: =C12*C$18+C$19 -> 111.65643 | D32: =D12*D$18+D$19 -> 108.2695 | E32: =E12*E$18+E$19 -> 112.72072 | F32: =F12*F$18+F$19 -> 110.35613 | G32: =G12*G$18+G$19 -> 110.16458 | H32: =H12*H$18+H$19 -> 107.09449 | I32: =I12*I$18+I$19 -> 109.25056 | ... S32: =S12*S$18+S$19 -> 110.64447
A33: 120 | B33: =B13*B$18+B$19 -> 126.53791 | C33: =C13*C$18+C$19 -> 128.24931 | D33: =D13*D$18+D$19 -> 123.88819 | E33: =E13*E$18+E$19 -> 127.24837 | F33: =F13*F$18+F$19 -> 127.08752 | G33: =G13*G$18+G$19 -> 126.07477 | H33: =H13*H$18+H$19 -> 126.46641 | I33: =I13*I$18+I$19 -> 127.69926 | ... S33: =S13*S$18+S$19 -> 126.15995
... A35: 200 | B35: =B15*B$18+B$19 -> 183.37196 | C35: =C15*C$18+C$19 -> 176.62764 | D35: =D15*D$18+D$19 -> 181.57737 | E35: =E15*E$18+E$19 -> 166.51314 | F35: =F15*F$18+F$19 -> 176.51466 | G35: =G15*G$18+G$19 -> 170.26386 | H35: =H15*H$18+H$19 -> 186.92486 | I35: =I15*I$18+I$19 -> 178.15226 | ... S35: =S15*S$18+S$19 -> 172.44858
A37: 0 | B37: =ABS(B22-$A22) -> 0.81404452 | C37: =ABS(C22-$A22) -> 5.1261778 | D37: =ABS(D22-$A22) -> 10.593301 | E37: =ABS(E22-$A22) -> 16.755452 | F37: =ABS(F22-$A22) -> 8.4371699 | G37: =ABS(G22-$A22) -> 19.1938 | H37: =ABS(H22-$A22) -> 2.0916341 | I37: =ABS(I22-$A22) -> 9.7611334 | ... S37: =ABS(S22-$A22) -> 14.253895
A38: 4 | B38: =ABS(B23-$A23) -> 1.4317054 | C38: =ABS(C23-$A23) -> 6.3394447 | D38: =ABS(D23-$A23) -> 8.7480862 | E38: =ABS(E23-$A23) -> 11.836842 | F38: =ABS(F23-$A23) -> 8.3516863 | G38: =ABS(G23-$A23) -> 13.131879 | H38: =ABS(H23-$A23) -> 3.2439353 | I38: =ABS(I23-$A23) -> 8.1743091 | ... S38: =ABS(S23-$A23) -> 12.878482
A39: 8 | B39: =ABS(B24-$A24) -> 3.8812162 | C39: =ABS(C24-$A24) -> 6.3200278 | D39: =ABS(D24-$A24) -> 6.5323668 | E39: =ABS(E24-$A24) -> 7.3571907 | F39: =ABS(F24-$A24) -> 7.5953764 | G39: =ABS(G24-$A24) -> 6.8265613 | H39: =ABS(H24-$A24) -> 4.1521469 | I39: =ABS(I24-$A24) -> 5.6421107 | ... S39: =ABS(S24-$A24) -> 8.2386897
A40: 12 | B40: =ABS(B25-$A25) -> 4.6334471 | C40: =ABS(C25-$A25) -> 5.4484558 | D40: =ABS(D25-$A25) -> 2.7838684 | E40: =ABS(E25-$A25) -> 2.7410499 | F40: =ABS(F25-$A25) -> 3.5346688 | G40: =ABS(G25-$A25) -> 1.631878 | H40: =ABS(H25-$A25) -> 2.8722743 | I40: =ABS(I25-$A25) -> 2.4035139 | ... S40: =ABS(S25-$A25) -> 2.1929523
A41: 16 | B41: =ABS(B26-$A26) -> 4.466546 | C41: =ABS(C26-$A26) -> 2.9897617 | D41: =ABS(D26-$A26) -> 0.37274326 | E41: =ABS(E26-$A26) -> 0.34104486 | F41: =ABS(F26-$A26) -> 1.285908 | G41: =ABS(G26-$A26) -> 2.065453 | H41: =ABS(H26-$A26) -> 1.9842427 | I41: =ABS(I26-$A26) -> 0.11607275 | ... S41: =ABS(S26-$A26) -> 1.3561895
A42: 20 | B42: =ABS(B27-$A27) -> 3.8919877 | C42: =ABS(C27-$A27) -> 1.4469238 | D42: =ABS(D27-$A27) -> 1.3541301 | E42: =ABS(E27-$A27) -> 2.6184489 | F42: =ABS(F27-$A27) -> 0.10378689 | G42: =ABS(G27-$A27) -> 4.9067976 | H42: =ABS(H27-$A27) -> 1.4367191 | I42: =ABS(I27-$A27) -> 1.0358355 | ... S42: =ABS(S27-$A27) -> 3.6283946
A43: 30 | B43: =ABS(B28-$A28) -> 0.094287224 | C43: =ABS(C28-$A28) -> 4.0095581 | D43: =ABS(D28-$A28) -> 6.5419153 | E43: =ABS(E28-$A28) -> 9.4034618 | F43: =ABS(F28-$A28) -> 5.8426483 | G43: =ABS(G28-$A28) -> 10.636262 | H43: =ABS(H28-$A28) -> 0.48633813 | I43: =ABS(I28-$A28) -> 4.5917831 | ... S43: =ABS(S28-$A28) -> 9.3510727
A44: 40 | B44: =ABS(B29-$A29) -> 2.1897315 | C44: =ABS(C29-$A29) -> 6.5702374 | D44: =ABS(D29-$A29) -> 8.2305408 | E44: =ABS(E29-$A29) -> 13.956622 | F44: =ABS(F29-$A29) -> 8.4521682 | G44: =ABS(G29-$A29) -> 14.1051 | H44: =ABS(H29-$A29) -> 3.1097011 | I44: =ABS(I29-$A29) -> 6.5412833 | ... S44: =ABS(S29-$A29) -> 11.441056
A45: 60 | B45: =ABS(B30-$A30) -> 7.2528616 | C45: =ABS(C30-$A30) -> 11.499823 | D45: =ABS(D30-$A30) -> 12.566587 | E45: =ABS(E30-$A30) -> 17.712544 | F45: =ABS(F30-$A30) -> 12.05898 | G45: =ABS(G30-$A30) -> 16.028126 | H45: =ABS(H30-$A30) -> 5.6466398 | I45: =ABS(I30-$A30) -> 9.9920156 | ... S45: =ABS(S30-$A30) -> 15.206598
A46: 80 | B46: =ABS(B31-$A31) -> 9.0321717 | C46: =ABS(C31-$A31) -> 13.4128 | D46: =ABS(D31-$A31) -> 11.800785 | E46: =ABS(E31-$A31) -> 17.126159 | F46: =ABS(F31-$A31) -> 13.534356 | G46: =ABS(G31-$A31) -> 15.072737 | H46: =ABS(H31-$A31) -> 7.2612477 | I46: =ABS(I31-$A31) -> 11.695641 | ... S46: =ABS(S31-$A31) -> 14.105029
A47: 100 | B47: =ABS(B32-$A32) -> 8.5548954 | C47: =ABS(C32-$A32) -> 11.656428 | D47: =ABS(D32-$A32) -> 8.2694985 | E47: =ABS(E32-$A32) -> 12.720722 | F47: =ABS(F32-$A32) -> 10.356128 | G47: =ABS(G32-$A32) -> 10.164581 | H47: =ABS(H32-$A32) -> 7.0944885 | I47: =ABS(I32-$A32) -> 9.2505606 | ... S47: =ABS(S32-$A32) -> 10.644472
A48: 120 | B48: =ABS(B33-$A33) -> 6.5379053 | C48: =ABS(C33-$A33) -> 8.249315 | D48: =ABS(D33-$A33) -> 3.8881859 | E48: =ABS(E33-$A33) -> 7.2483678 | F48: =ABS(F33-$A33) -> 7.0875205 | G48: =ABS(G33-$A33) -> 6.0747738 | H48: =ABS(H33-$A33) -> 6.4664093 | I48: =ABS(I33-$A33) -> 7.6992641 | ... S48: =ABS(S33-$A33) -> 6.1599524
... A50: 200 | B50: =ABS(B35-$A35) -> 16.628043 | C50: =ABS(C35-$A35) -> 23.372361 | D50: =ABS(D35-$A35) -> 18.422632 | E50: =ABS(E35-$A35) -> 33.486857 | F50: =ABS(F35-$A35) -> 23.48534 | G50: =ABS(G35-$A35) -> 29.736136 | H50: =ABS(H35-$A35) -> 13.075141 | I50: =ABS(I35-$A35) -> 21.847741 | ... S50: =ABS(S35-$A35) -> 27.55142

Sheet Sheet11
B1: 60 | O1: 60 | P1: 0.011499913 | Q1: 100 | R1: 0.030570665 | S1: 200 | T1: 0.029314171
B2: l | C2: u | D2: b | F2: l | G2: u | H2: b | J2: l | K2: u | L2: b | O2: 60 | P2: 0.024823972 | Q2: 100 | R2: 0.034068427 | S2: 200 | T2: 0.053061626
A3: 60 | B3: 0.011499913 | C3: 0.085030585 | D3: 0.040511238 | E3: 100 | F3: 0.030570665 | G3: 0.091322344 | H3: 0.056345309 | I3: 200 | J3: 0.029314171 | K3: 0.13419205 | L3: 0.083140214 | O3: 60 | P3: 0.022985899 | Q3: 100 | R3: 0.054223124 | S3: 200 | T3: 0.032203998
A4: 60 | B4: 0.024823972 | C4: 0.088127265 | D4: 0.054151701 | E4: 100 | F4: 0.034068427 | G4: 0.10485754 | H4: 0.068952749 | I4: 200 | J4: 0.053061626 | K4: 0.17960729 | L4: 0.1168618 | O4: 60 | P4: 0.019790201 | Q4: 100 | R4: 0.066076899 | S4: 200 | T4: 0.098185052
A5: 60 | B5: 0.022985899 | C5: 0.10632797 | D5: 0.063255552 | E5: 100 | F5: 0.054223124 | G5: 0.12529863 | H5: 0.089393622 | I5: 200 | J5: 0.032203998 | K5: 0.15519052 | L5: 0.092113161 | O5: 60 | P5: 0.036103078 | Q5: 100 | R5: 0.051817573 | S5: 200 | T5: 0.041026681
A6: 60 | B6: 0.019790201 | C6: 0.12101948 | D6: 0.064398528 | E6: 100 | F6: 0.066076899 | G6: 0.15593809 | H6: 0.10746913 | I6: 200 | J6: 0.098185052 | K6: 0.24965768 | L6: 0.16743428 | O6: 60 | P6: 0.039897078 | Q6: 100 | R6: 0.082074563 | S6: 200 | T6: 0.073723592
A7: 60 | B7: 0.036103078 | C7: 0.14238373 | D7: 0.086795772 | E7: 100 | F7: 0.051817573 | G7: 0.14395408 | H7: 0.098346582 | I7: 200 | J7: 0.041026681 | K7: 0.18899809 | L7: 0.1174267 | O7: 60 | P7: 0.020515852 | Q7: 100 | R7: 0.026571307 | S7: 200 | T7: 0.014370483
A8: 60 | B8: 0.039897078 | C8: 0.14036167 | D8: 0.083582957 | E8: 100 | F8: 0.082074563 | G8: 0.1722705 | H8: 0.12469853 | I8: 200 | J8: 0.073723592 | K8: 0.22966417 | L8: 0.14868068 | O8: 60 | P8: 0.019506974 | Q8: 100 | R8: 0.028353627 | S8: 200 | T8: 0.053481314
A9: 60 | B9: 0.020515852 | C9: 0.06135497 | D9: 0.031733713 | E9: 100 | F9: 0.026571307 | G9: 0.077388795 | H9: 0.04818356 | I9: 200 | J9: 0.014370483 | K9: 0.12244459 | L9: 0.065375703 | O9: 60 | P9: 0.018674479 | Q9: 100 | R9: 0.045874 | S9: 200 | T9: 0.026470346
A10: 60 | B10: 0.019506974 | C10: 0.10418992 | D10: 0.059364609 | E10: 100 | F10: 0.028353627 | G10: 0.10535732 | H10: 0.064150325 | I10: 200 | J10: 0.053481314 | K10: 0.16771325 | L10: 0.10923871 | O10: 60 | P10: 0.045536169 | Q10: 100 | R10: 0.065734429 | S10: 200 | T10: 0.082942329
A11: 60 | B11: 0.018674479 | C11: 0.075765925 | D11: 0.037840821 | E11: 100 | F11: 0.045874 | G11: 0.088072036 | H11: 0.058130303 | I11: 200 | J11: 0.026470346 | K11: 0.10785513 | L11: 0.068294213 | O11: 60 | P11: 0.052780571 | Q11: 100 | R11: 0.064643716 | S11: 200 | T11: 0.1097918
A12: 60 | B12: 0.045536169 | C12: 0.14684801 | D12: 0.093169772 | E12: 100 | F12: 0.065734429 | G12: 0.15369639 | H12: 0.10866692 | I12: 200 | J12: 0.082942329 | K12: 0.21646276 | L12: 0.15094635 | O12: 60 | P12: 0.043274648 | Q12: 100 | R12: 0.095128654 | S12: 200 | T12: 0.076021193
A13: 60 | B13: 0.052780571 | C13: 0.15816612 | D13: 0.10050657 | E13: 100 | F13: 0.064643716 | G13: 0.14781941 | H13: 0.10182888 | I13: 200 | J13: 0.1097918 | K13: 0.2202855 | L13: 0.16031448 | O13: 60 | P13: 0.096102616 | Q13: 100 | R13: 0.049873965 | S13: 200 | T13: 0.070007389
A14: 60 | B14: 0.043274648 | C14: 0.15047777 | D14: 0.091425775 | E14: 100 | F14: 0.095128654 | G14: 0.17653197 | H14: 0.13241586 | I14: 200 | J14: 0.076021193 | K14: 0.22000713 | L14: 0.14396935 | O14: 60 | P14: 0.019896418 | Q14: 100 | R14: 0.049804829 | S14: 200 | T14: 0.058711558
... A18: 60 | B18: 0.054317845 | C18: 0.039327546 | D18: 0.046368101 | E18: 100 | F18: 0.048370214 | G18: 0.025900775 | H18: 0.036660883 | I18: 200 | J18: 0.033941121 | K18: 0.075051617 | L18: 0.028471827 | O18: 60 | P18: 0.032705567 | Q18: 100 | R18: 0.056386081 | S18: 200 | T18: 0.055864223
A19: 60 | B19: 0.036705996 | C19: 0.12728662 | D19: 0.074530408 | E19: 100 | F19: 0.059799347 | G19: 0.14248233 | H19: 0.098444397 | I19: 200 | J19: 0.08566203 | K19: 0.21304333 | L19: 0.14349759
A20: 60 | B20: 0.032705567 | C20: 0.15062 | D20: 0.088609335 | E20: 100 | F20: 0.056386081 | G20: 0.14523367 | H20: 0.097523811 | I20: 200 | J20: 0.055864223 | K20: 0.2152243 | L20: 0.1377571
B21: =AVERAGE(B3:B20) -> 0.042029072 | C21: =AVERAGE(C3:C20) -> 0.11189573 | D21: =AVERAGE(D3:D20) -> 0.072728227 | F21: =AVERAGE(F3:F20) -> 0.056435079 | G21: =AVERAGE(G3:G20) -> 0.12138331 | H21: =AVERAGE(H3:H20) -> 0.086441628 | J21: =AVERAGE(J3:J20) -> 0.058239477 | K21: =AVERAGE(K3:K20) -> 0.17222861 | L21: =AVERAGE(L3:L20) -> 0.11208695
B23: 0.042029072 | C23: 0.11189573 | D23: 0.072728227 | F23: 0.056435079 | G23: 0.12138331 | H23: 0.086441628 | J23: 0.058239477 | K23: 0.17222861 | L23: 0.11208695
O26: 60 | P26: 0.042029072 | Q26: 0.11189573 | R26: 0.072728227
O27: 100 | P27: 0.056435079 | Q27: 0.12138331 | R27: 0.086441628
O28: 200 | P28: 0.058239477 | Q28: 0.17222861 | R28: 0.11208695
